﻿word,word_type
a,Sight Words
about,Sight Words
after,Sight Words
all,Sight Words
am,Sight Words
an,Sight Words
and,Sight Words
are,Sight Words
as,Sight Words
at,Sight Words
be,Sight Words
been,Sight Words
but,Sight Words
by,Sight Words
called,Sight Words
can,Sight Words
could,Sight Words
did,Sight Words
do,Sight Words
down,Sight Words
each,Sight Words
find,Sight Words
first,Sight Words
for,Sight Words
from,Sight Words
go,Sight Words
had,Sight Words
has,Sight Words
have,Sight Words
he,Sight Words
her,Sight Words
him,Sight Words
his,Sight Words
how,Sight Words
I,Sight Words
if,Sight Words
in,Sight Words
into,Sight Words
is,Sight Words
it,Sight Words
its,Sight Words
just,Sight Words
know,Sight Words
like,Sight Words
little,Sight Words
long,Sight Words
made,Sight Words
make,Sight Words
many,Sight Words
may,Sight Words
me,Sight Words
more,Sight Words
most,Sight Words
my,Sight Words
no,Sight Words
not,Sight Words
now,Sight Words
of,Sight Words
on,Sight Words
one,Sight Words
only,Sight Words
or,Sight Words
other,Sight Words
out,Sight Words
over,Sight Words
people,Sight Words
said,Sight Words
see,Sight Words
she,Sight Words
so,Sight Words
some,Sight Words
than,Sight Words
that,Sight Words
the,Sight Words
their,Sight Words
them,Sight Words
then,Sight Words
there,Sight Words
these,Sight Words
they,Sight Words
this,Sight Words
time,Sight Words
to,Sight Words
two,Sight Words
up,Sight Words
us,Sight Words
use,Sight Words
very,Sight Words
was,Sight Words
water,Sight Words
way,Sight Words
we,Sight Words
were,Sight Words
what,Sight Words
when,Sight Words
where,Sight Words
which,Sight Words
who,Sight Words
will,Sight Words
with,Sight Words
words,Sight Words
would,Sight Words
you,Sight Words
your,Sight Words
cat,Rhyming Words
bat,Rhyming Words
able,1k_most_used
above,1k_most_used
act,1k_most_used
add,1k_most_used
afraid,1k_most_used
again,1k_most_used
against,1k_most_used
age,1k_most_used
ago,1k_most_used
agree,1k_most_used
air,1k_most_used
allow,1k_most_used
also,1k_most_used
always,1k_most_used
among,1k_most_used
anger,1k_most_used
animal,1k_most_used
answer,1k_most_used
any,1k_most_used
appear,1k_most_used
apple,1k_most_used
area,1k_most_used
arm,1k_most_used
arrange,1k_most_used
arrive,1k_most_used
art,1k_most_used
ask,1k_most_used
atom,1k_most_used
baby,1k_most_used
back,1k_most_used
bad,1k_most_used
ball,1k_most_used
band,1k_most_used
bank,1k_most_used
bar,1k_most_used
base,1k_most_used
basic,1k_most_used
bear,1k_most_used
beat,1k_most_used
beauty,1k_most_used
bed,1k_most_used
before,1k_most_used
began,1k_most_used
begin,1k_most_used
behind,1k_most_used
believe,1k_most_used
bell,1k_most_used
best,1k_most_used
better,1k_most_used
between,1k_most_used
big,1k_most_used
bird,1k_most_used
bit,1k_most_used
black,1k_most_used
block,1k_most_used
blood,1k_most_used
blow,1k_most_used
blue,1k_most_used
board,1k_most_used
boat,1k_most_used
body,1k_most_used
bone,1k_most_used
book,1k_most_used
born,1k_most_used
both,1k_most_used
bottom,1k_most_used
bought,1k_most_used
box,1k_most_used
boy,1k_most_used
branch,1k_most_used
bread,1k_most_used
break,1k_most_used
bright,1k_most_used
bring,1k_most_used
broad,1k_most_used
broke,1k_most_used
brother,1k_most_used
brought,1k_most_used
brown,1k_most_used
build,1k_most_used
burn,1k_most_used
busy,1k_most_used
buy,1k_most_used
call,1k_most_used
came,1k_most_used
camp,1k_most_used
capital,1k_most_used
captain,1k_most_used
car,1k_most_used
card,1k_most_used
care,1k_most_used
carry,1k_most_used
case,1k_most_used
catch,1k_most_used
caught,1k_most_used
cause,1k_most_used
cell,1k_most_used
cent,1k_most_used
center,1k_most_used
century,1k_most_used
certain,1k_most_used
chair,1k_most_used
chance,1k_most_used
change,1k_most_used
character,1k_most_used
charge,1k_most_used
chart,1k_most_used
check,1k_most_used
chick,1k_most_used
chief,1k_most_used
child,1k_most_used
children,1k_most_used
choose,1k_most_used
chord,1k_most_used
circle,1k_most_used
city,1k_most_used
claim,1k_most_used
class,1k_most_used
clean,1k_most_used
clear,1k_most_used
climb,1k_most_used
clock,1k_most_used
close,1k_most_used
clothe,1k_most_used
cloud,1k_most_used
coast,1k_most_used
coat,1k_most_used
cold,1k_most_used
collect,1k_most_used
colony,1k_most_used
color,1k_most_used
column,1k_most_used
come,1k_most_used
common,1k_most_used
company,1k_most_used
compare,1k_most_used
complete,1k_most_used
condition,1k_most_used
connect,1k_most_used
consider,1k_most_used
consonant,1k_most_used
contain,1k_most_used
continent,1k_most_used
continue,1k_most_used
control,1k_most_used
cook,1k_most_used
cool,1k_most_used
copy,1k_most_used
corn,1k_most_used
corner,1k_most_used
correct,1k_most_used
cost,1k_most_used
cotton,1k_most_used
count,1k_most_used
country,1k_most_used
course,1k_most_used
cover,1k_most_used
cow,1k_most_used
crease,1k_most_used
create,1k_most_used
crop,1k_most_used
cross,1k_most_used
crowd,1k_most_used
cry,1k_most_used
current,1k_most_used
cut,1k_most_used
dad,1k_most_used
dance,1k_most_used
danger,1k_most_used
dark,1k_most_used
day,1k_most_used
dead,1k_most_used
deal,1k_most_used
dear,1k_most_used
death,1k_most_used
decide,1k_most_used
decimal,1k_most_used
deep,1k_most_used
degree,1k_most_used
depend,1k_most_used
describe,1k_most_used
desert,1k_most_used
design,1k_most_used
determine,1k_most_used
develop,1k_most_used
dictionary,1k_most_used
die,1k_most_used
differ,1k_most_used
difficult,1k_most_used
direct,1k_most_used
discuss,1k_most_used
distant,1k_most_used
divide,1k_most_used
division,1k_most_used
doctor,1k_most_used
does,1k_most_used
dog,1k_most_used
dollar,1k_most_used
done,1k_most_used
don't,1k_most_used
door,1k_most_used
double,1k_most_used
draw,1k_most_used
dream,1k_most_used
dress,1k_most_used
drink,1k_most_used
drive,1k_most_used
drop,1k_most_used
dry,1k_most_used
duck,1k_most_used
during,1k_most_used
ear,1k_most_used
early,1k_most_used
earth,1k_most_used
ease,1k_most_used
east,1k_most_used
eat,1k_most_used
edge,1k_most_used
effect,1k_most_used
egg,1k_most_used
eight,1k_most_used
either,1k_most_used
electric,1k_most_used
element,1k_most_used
else,1k_most_used
end,1k_most_used
enemy,1k_most_used
energy,1k_most_used
engine,1k_most_used
enough,1k_most_used
enter,1k_most_used
equal,1k_most_used
equate,1k_most_used
especially,1k_most_used
even,1k_most_used
evening,1k_most_used
event,1k_most_used
ever,1k_most_used
every,1k_most_used
exact,1k_most_used
example,1k_most_used
except,1k_most_used
excite,1k_most_used
exercise,1k_most_used
expect,1k_most_used
experience,1k_most_used
experiment,1k_most_used
eye,1k_most_used
face,1k_most_used
fact,1k_most_used
fair,1k_most_used
fall,1k_most_used
family,1k_most_used
famous,1k_most_used
far,1k_most_used
farm,1k_most_used
fast,1k_most_used
fat,1k_most_used
father,1k_most_used
favor,1k_most_used
fear,1k_most_used
feed,1k_most_used
feel,1k_most_used
feet,1k_most_used
fell,1k_most_used
felt,1k_most_used
few,1k_most_used
field,1k_most_used
fig,1k_most_used
fight,1k_most_used
figure,1k_most_used
fill,1k_most_used
final,1k_most_used
fine,1k_most_used
finger,1k_most_used
finish,1k_most_used
fire,1k_most_used
fish,1k_most_used
fit,1k_most_used
five,1k_most_used
flat,1k_most_used
floor,1k_most_used
flow,1k_most_used
flower,1k_most_used
fly,1k_most_used
follow,1k_most_used
food,1k_most_used
foot,1k_most_used
force,1k_most_used
forest,1k_most_used
form,1k_most_used
forward,1k_most_used
found,1k_most_used
four,1k_most_used
fraction,1k_most_used
free,1k_most_used
fresh,1k_most_used
friend,1k_most_used
front,1k_most_used
fruit,1k_most_used
full,1k_most_used
fun,1k_most_used
game,1k_most_used
garden,1k_most_used
gas,1k_most_used
gather,1k_most_used
gave,1k_most_used
general,1k_most_used
gentle,1k_most_used
get,1k_most_used
girl,1k_most_used
give,1k_most_used
glad,1k_most_used
glass,1k_most_used
gold,1k_most_used
gone,1k_most_used
good,1k_most_used
got,1k_most_used
govern,1k_most_used
grand,1k_most_used
grass,1k_most_used
gray,1k_most_used
great,1k_most_used
green,1k_most_used
grew,1k_most_used
ground,1k_most_used
group,1k_most_used
grow,1k_most_used
guess,1k_most_used
guide,1k_most_used
gun,1k_most_used
hair,1k_most_used
half,1k_most_used
hand,1k_most_used
happen,1k_most_used
happy,1k_most_used
hard,1k_most_used
hat,1k_most_used
head,1k_most_used
hear,1k_most_used
heard,1k_most_used
heart,1k_most_used
heat,1k_most_used
heavy,1k_most_used
held,1k_most_used
help,1k_most_used
here,1k_most_used
high,1k_most_used
hill,1k_most_used
history,1k_most_used
hit,1k_most_used
hold,1k_most_used
hole,1k_most_used
home,1k_most_used
hope,1k_most_used
horse,1k_most_used
hot,1k_most_used
hour,1k_most_used
house,1k_most_used
huge,1k_most_used
human,1k_most_used
hundred,1k_most_used
hunt,1k_most_used
hurry,1k_most_used
ice,1k_most_used
idea,1k_most_used
imagine,1k_most_used
inch,1k_most_used
include,1k_most_used
indicate,1k_most_used
industry,1k_most_used
insect,1k_most_used
instant,1k_most_used
instrument,1k_most_used
interest,1k_most_used
invent,1k_most_used
iron,1k_most_used
island,1k_most_used
job,1k_most_used
join,1k_most_used
joy,1k_most_used
jump,1k_most_used
keep,1k_most_used
kept,1k_most_used
key,1k_most_used
kill,1k_most_used
kind,1k_most_used
king,1k_most_used
knew,1k_most_used
lady,1k_most_used
lake,1k_most_used
land,1k_most_used
language,1k_most_used
large,1k_most_used
last,1k_most_used
late,1k_most_used
laugh,1k_most_used
law,1k_most_used
lay,1k_most_used
lead,1k_most_used
learn,1k_most_used
least,1k_most_used
leave,1k_most_used
led,1k_most_used
left,1k_most_used
leg,1k_most_used
length,1k_most_used
less,1k_most_used
let,1k_most_used
letter,1k_most_used
level,1k_most_used
lie,1k_most_used
life,1k_most_used
lift,1k_most_used
light,1k_most_used
line,1k_most_used
liquid,1k_most_used
list,1k_most_used
listen,1k_most_used
live,1k_most_used
locate,1k_most_used
log,1k_most_used
lone,1k_most_used
look,1k_most_used
lost,1k_most_used
lot,1k_most_used
loud,1k_most_used
love,1k_most_used
low,1k_most_used
machine,1k_most_used
magnet,1k_most_used
main,1k_most_used
major,1k_most_used
man,1k_most_used
map,1k_most_used
mark,1k_most_used
market,1k_most_used
mass,1k_most_used
master,1k_most_used
match,1k_most_used
material,1k_most_used
matter,1k_most_used
mean,1k_most_used
meant,1k_most_used
measure,1k_most_used
meat,1k_most_used
meet,1k_most_used
melody,1k_most_used
men,1k_most_used
metal,1k_most_used
method,1k_most_used
middle,1k_most_used
might,1k_most_used
mile,1k_most_used
milk,1k_most_used
million,1k_most_used
mind,1k_most_used
mine,1k_most_used
minute,1k_most_used
miss,1k_most_used
mix,1k_most_used
modern,1k_most_used
molecule,1k_most_used
moment,1k_most_used
money,1k_most_used
month,1k_most_used
moon,1k_most_used
morning,1k_most_used
mother,1k_most_used
motion,1k_most_used
mount,1k_most_used
mountain,1k_most_used
mouth,1k_most_used
move,1k_most_used
much,1k_most_used
multiply,1k_most_used
music,1k_most_used
must,1k_most_used
name,1k_most_used
nation,1k_most_used
natural,1k_most_used
nature,1k_most_used
near,1k_most_used
necessary,1k_most_used
neck,1k_most_used
need,1k_most_used
neighbor,1k_most_used
never,1k_most_used
new,1k_most_used
next,1k_most_used
night,1k_most_used
nine,1k_most_used
noise,1k_most_used
noon,1k_most_used
nor,1k_most_used
north,1k_most_used
nose,1k_most_used
note,1k_most_used
nothing,1k_most_used
notice,1k_most_used
noun,1k_most_used
number,1k_most_used
numeral,1k_most_used
object,1k_most_used
observe,1k_most_used
occur,1k_most_used
ocean,1k_most_used
off,1k_most_used
offer,1k_most_used
office,1k_most_used
often,1k_most_used
oh,1k_most_used
oil,1k_most_used
old,1k_most_used
once,1k_most_used
open,1k_most_used
operate,1k_most_used
opposite,1k_most_used
order,1k_most_used
organ,1k_most_used
original,1k_most_used
our,1k_most_used
own,1k_most_used
oxygen,1k_most_used
page,1k_most_used
paint,1k_most_used
pair,1k_most_used
paper,1k_most_used
paragraph,1k_most_used
parent,1k_most_used
part,1k_most_used
particular,1k_most_used
party,1k_most_used
pass,1k_most_used
past,1k_most_used
path,1k_most_used
pattern,1k_most_used
pay,1k_most_used
perhaps,1k_most_used
period,1k_most_used
person,1k_most_used
phrase,1k_most_used
pick,1k_most_used
picture,1k_most_used
piece,1k_most_used
pitch,1k_most_used
place,1k_most_used
plain,1k_most_used
plan,1k_most_used
plane,1k_most_used
planet,1k_most_used
plant,1k_most_used
play,1k_most_used
please,1k_most_used
plural,1k_most_used
poem,1k_most_used
point,1k_most_used
poor,1k_most_used
populate,1k_most_used
port,1k_most_used
pose,1k_most_used
position,1k_most_used
possible,1k_most_used
post,1k_most_used
pound,1k_most_used
power,1k_most_used
practice,1k_most_used
prepare,1k_most_used
present,1k_most_used
press,1k_most_used
pretty,1k_most_used
print,1k_most_used
probable,1k_most_used
problem,1k_most_used
process,1k_most_used
produce,1k_most_used
product,1k_most_used
proper,1k_most_used
property,1k_most_used
protect,1k_most_used
prove,1k_most_used
provide,1k_most_used
pull,1k_most_used
push,1k_most_used
put,1k_most_used
quart,1k_most_used
question,1k_most_used
quick,1k_most_used
quiet,1k_most_used
quite,1k_most_used
quotient,1k_most_used
race,1k_most_used
radio,1k_most_used
rail,1k_most_used
rain,1k_most_used
raise,1k_most_used
ran,1k_most_used
range,1k_most_used
rather,1k_most_used
reach,1k_most_used
read,1k_most_used
ready,1k_most_used
real,1k_most_used
reason,1k_most_used
receive,1k_most_used
record,1k_most_used
red,1k_most_used
region,1k_most_used
remember,1k_most_used
repeat,1k_most_used
reply,1k_most_used
represent,1k_most_used
require,1k_most_used
rest,1k_most_used
result,1k_most_used
rich,1k_most_used
ride,1k_most_used
right,1k_most_used
ring,1k_most_used
rise,1k_most_used
river,1k_most_used
road,1k_most_used
rock,1k_most_used
roll,1k_most_used
room,1k_most_used
root,1k_most_used
rope,1k_most_used
rose,1k_most_used
round,1k_most_used
row,1k_most_used
rub,1k_most_used
rule,1k_most_used
run,1k_most_used
safe,1k_most_used
sail,1k_most_used
salt,1k_most_used
same,1k_most_used
sand,1k_most_used
sat,1k_most_used
save,1k_most_used
saw,1k_most_used
say,1k_most_used
scale,1k_most_used
school,1k_most_used
science,1k_most_used
score,1k_most_used
sea,1k_most_used
search,1k_most_used
season,1k_most_used
seat,1k_most_used
second,1k_most_used
section,1k_most_used
seed,1k_most_used
seem,1k_most_used
segment,1k_most_used
select,1k_most_used
self,1k_most_used
sell,1k_most_used
send,1k_most_used
sense,1k_most_used
sent,1k_most_used
sentence,1k_most_used
separate,1k_most_used
serve,1k_most_used
set,1k_most_used
settle,1k_most_used
seven,1k_most_used
several,1k_most_used
shall,1k_most_used
shape,1k_most_used
share,1k_most_used
sharp,1k_most_used
sheet,1k_most_used
shell,1k_most_used
shine,1k_most_used
ship,1k_most_used
shoe,1k_most_used
shop,1k_most_used
shore,1k_most_used
short,1k_most_used
should,1k_most_used
shoulder,1k_most_used
shout,1k_most_used
show,1k_most_used
side,1k_most_used
sight,1k_most_used
sign,1k_most_used
silent,1k_most_used
silver,1k_most_used
similar,1k_most_used
simple,1k_most_used
since,1k_most_used
sing,1k_most_used
single,1k_most_used
sister,1k_most_used
sit,1k_most_used
six,1k_most_used
size,1k_most_used
skill,1k_most_used
skin,1k_most_used
sky,1k_most_used
slave,1k_most_used
sleep,1k_most_used
slip,1k_most_used
slow,1k_most_used
small,1k_most_used
smell,1k_most_used
smile,1k_most_used
snow,1k_most_used
soft,1k_most_used
soil,1k_most_used
soldier,1k_most_used
solution,1k_most_used
solve,1k_most_used
son,1k_most_used
song,1k_most_used
soon,1k_most_used
sound,1k_most_used
south,1k_most_used
space,1k_most_used
speak,1k_most_used
special,1k_most_used
speech,1k_most_used
speed,1k_most_used
spell,1k_most_used
spend,1k_most_used
spoke,1k_most_used
spot,1k_most_used
spread,1k_most_used
spring,1k_most_used
square,1k_most_used
stand,1k_most_used
star,1k_most_used
start,1k_most_used
state,1k_most_used
station,1k_most_used
stay,1k_most_used
stead,1k_most_used
steam,1k_most_used
steel,1k_most_used
step,1k_most_used
stick,1k_most_used
still,1k_most_used
stone,1k_most_used
stood,1k_most_used
stop,1k_most_used
store,1k_most_used
story,1k_most_used
straight,1k_most_used
strange,1k_most_used
stream,1k_most_used
street,1k_most_used
stretch,1k_most_used
string,1k_most_used
strong,1k_most_used
student,1k_most_used
study,1k_most_used
subject,1k_most_used
substance,1k_most_used
subtract,1k_most_used
success,1k_most_used
such,1k_most_used
sudden,1k_most_used
suffix,1k_most_used
sugar,1k_most_used
suggest,1k_most_used
suit,1k_most_used
summer,1k_most_used
sun,1k_most_used
supply,1k_most_used
support,1k_most_used
sure,1k_most_used
surface,1k_most_used
surprise,1k_most_used
swim,1k_most_used
syllable,1k_most_used
symbol,1k_most_used
system,1k_most_used
table,1k_most_used
tail,1k_most_used
take,1k_most_used
talk,1k_most_used
tall,1k_most_used
teach,1k_most_used
team,1k_most_used
teeth,1k_most_used
tell,1k_most_used
temperature,1k_most_used
ten,1k_most_used
term,1k_most_used
test,1k_most_used
thank,1k_most_used
thick,1k_most_used
thin,1k_most_used
thing,1k_most_used
think,1k_most_used
third,1k_most_used
those,1k_most_used
though,1k_most_used
thought,1k_most_used
thousand,1k_most_used
three,1k_most_used
through,1k_most_used
throw,1k_most_used
thus,1k_most_used
tie,1k_most_used
tiny,1k_most_used
tire,1k_most_used
together,1k_most_used
told,1k_most_used
tone,1k_most_used
too,1k_most_used
took,1k_most_used
tool,1k_most_used
top,1k_most_used
total,1k_most_used
touch,1k_most_used
toward,1k_most_used
town,1k_most_used
track,1k_most_used
trade,1k_most_used
train,1k_most_used
travel,1k_most_used
tree,1k_most_used
triangle,1k_most_used
trip,1k_most_used
trouble,1k_most_used
truck,1k_most_used
try,1k_most_used
tube,1k_most_used
turn,1k_most_used
twenty,1k_most_used
type,1k_most_used
under,1k_most_used
unit,1k_most_used
until,1k_most_used
usual,1k_most_used
valley,1k_most_used
value,1k_most_used
vary,1k_most_used
verb,1k_most_used
view,1k_most_used
village,1k_most_used
visit,1k_most_used
voice,1k_most_used
vowel,1k_most_used
wait,1k_most_used
walk,1k_most_used
wall,1k_most_used
want,1k_most_used
war,1k_most_used
warm,1k_most_used
wash,1k_most_used
watch,1k_most_used
wave,1k_most_used
wear,1k_most_used
weather,1k_most_used
week,1k_most_used
weight,1k_most_used
well,1k_most_used
went,1k_most_used
west,1k_most_used
wheel,1k_most_used
whether,1k_most_used
while,1k_most_used
white,1k_most_used
whole,1k_most_used
whose,1k_most_used
why,1k_most_used
wide,1k_most_used
wife,1k_most_used
wild,1k_most_used
win,1k_most_used
wind,1k_most_used
window,1k_most_used
wing,1k_most_used
winter,1k_most_used
wire,1k_most_used
wish,1k_most_used
woman,1k_most_used
women,1k_most_used
wonder,1k_most_used
won't,1k_most_used
wood,1k_most_used
work,1k_most_used
world,1k_most_used
write,1k_most_used
written,1k_most_used
wrong,1k_most_used
wrote,1k_most_used
yard,1k_most_used
year,1k_most_used
yellow,1k_most_used
yes,1k_most_used
yet,1k_most_used
young,1k_most_used
organization,6_cls_sci
poisonous,6_cls_sci
bow,6_cls_sci
cord,6_cls_sci
tool,6_cls_sci
pelvic,6_cls_sci
lens,6_cls_sci
durable,6_cls_sci
gas,6_cls_sci
indirectly,6_cls_sci
digital,6_cls_sci
these,6_cls_sci
nylon,6_cls_sci
group,6_cls_sci
cruel,6_cls_sci
ma,6_cls_sci
mango,6_cls_sci
population,6_cls_sci
heart,6_cls_sci
metal,6_cls_sci
frog,6_cls_sci
talk,6_cls_sci
circulatory,6_cls_sci
groundnut,6_cls_sci
pollination,6_cls_sci
able,6_cls_sci
arrange,6_cls_sci
bud,6_cls_sci
stem,6_cls_sci
avoid,6_cls_sci
intake,6_cls_sci
germination,6_cls_sci
fuse,6_cls_sci
party,6_cls_sci
our,6_cls_sci
gliding,6_cls_sci
carbohydrate,6_cls_sci
she,6_cls_sci
measurement,6_cls_sci
state,6_cls_sci
prepare,6_cls_sci
holding,6_cls_sci
before,6_cls_sci
breast,6_cls_sci
pair,6_cls_sci
your,6_cls_sci
to,6_cls_sci
dark,6_cls_sci
design,6_cls_sci
re,6_cls_sci
hand,6_cls_sci
fire,6_cls_sci
condenser,6_cls_sci
response,6_cls_sci
folded,6_cls_sci
gaining,6_cls_sci
bent,6_cls_sci
relationship,6_cls_sci
outermost,6_cls_sci
sedimentation,6_cls_sci
protection,6_cls_sci
activation,6_cls_sci
measuring,6_cls_sci
a,6_cls_sci
doctor,6_cls_sci
forced,6_cls_sci
used,6_cls_sci
exchange,6_cls_sci
se,6_cls_sci
paper,6_cls_sci
portion,6_cls_sci
midrib,6_cls_sci
encourage,6_cls_sci
interdependence,6_cls_sci
nursing,6_cls_sci
structural,6_cls_sci
maintain,6_cls_sci
smaller,6_cls_sci
grouping,6_cls_sci
b,6_cls_sci
on,6_cls_sci
fascinating,6_cls_sci
way,6_cls_sci
weaving,6_cls_sci
manufacture,6_cls_sci
remains,6_cls_sci
millions,6_cls_sci
maw,6_cls_sci
or,6_cls_sci
rim,6_cls_sci
warm,6_cls_sci
solubility,6_cls_sci
flower,6_cls_sci
nana,6_cls_sci
substance,6_cls_sci
rickets,6_cls_sci
obtain,6_cls_sci
cleaning,6_cls_sci
may,6_cls_sci
method,6_cls_sci
silky,6_cls_sci
unpleasant,6_cls_sci
an,6_cls_sci
muddy,6_cls_sci
stare,6_cls_sci
peeling,6_cls_sci
chemical,6_cls_sci
filter,6_cls_sci
severely,6_cls_sci
which,6_cls_sci
undesirable,6_cls_sci
soaked,6_cls_sci
winnowing,6_cls_sci
blinking,6_cls_sci
day,6_cls_sci
scent,6_cls_sci
rid,6_cls_sci
give,6_cls_sci
march,6_cls_sci
breaking,6_cls_sci
life,6_cls_sci
themselves,6_cls_sci
dissolving,6_cls_sci
very,6_cls_sci
cabbage,6_cls_sci
leaves,6_cls_sci
heterogeneous,6_cls_sci
seedling,6_cls_sci
nutritious,6_cls_sci
flask,6_cls_sci
respond,6_cls_sci
strong,6_cls_sci
needs,6_cls_sci
pea,6_cls_sci
th,6_cls_sci
movable,6_cls_sci
talk,6_cls_sci
stigma,6_cls_sci
thumb,6_cls_sci
rounder,6_cls_sci
digested,6_cls_sci
bulb,6_cls_sci
droop,6_cls_sci
tibia,6_cls_sci
considered,6_cls_sci
everyday,6_cls_sci
expand,6_cls_sci
now,6_cls_sci
chloride,6_cls_sci
meant,6_cls_sci
eating,6_cls_sci
emulsion,6_cls_sci
not,6_cls_sci
soe,6_cls_sci
whose,6_cls_sci
lotus,6_cls_sci
stage,6_cls_sci
you,6_cls_sci
role,6_cls_sci
nectar,6_cls_sci
h,6_cls_sci
blade,6_cls_sci
decantation,6_cls_sci
sand,6_cls_sci
although,6_cls_sci
sensitive,6_cls_sci
temporary,6_cls_sci
blind,6_cls_sci
sulphide,6_cls_sci
serious,6_cls_sci
recycle,6_cls_sci
alternation,6_cls_sci
next,6_cls_sci
maximum,6_cls_sci
re,6_cls_sci
banana,6_cls_sci
w,6_cls_sci
move,6_cls_sci
sediment,6_cls_sci
pig,6_cls_sci
stem,6_cls_sci
support,6_cls_sci
carbon,6_cls_sci
space,6_cls_sci
filtration,6_cls_sci
soluble,6_cls_sci
soft,6_cls_sci
robot,6_cls_sci
combination,6_cls_sci
name,6_cls_sci
multicellular,6_cls_sci
identical,6_cls_sci
transport,6_cls_sci
line,6_cls_sci
north,6_cls_sci
glasses,6_cls_sci
coarse,6_cls_sci
dim,6_cls_sci
climate,6_cls_sci
surface,6_cls_sci
loop,6_cls_sci
bad,6_cls_sci
marasmus,6_cls_sci
sugar,6_cls_sci
atomic,6_cls_sci
keeping,6_cls_sci
photochemistry,6_cls_sci
producer,6_cls_sci
meal,6_cls_sci
pouring,6_cls_sci
hatching,6_cls_sci
ball,6_cls_sci
jar,6_cls_sci
second,6_cls_sci
sizes,6_cls_sci
with,6_cls_sci
appearance,6_cls_sci
common,6_cls_sci
skeletal,6_cls_sci
tell,6_cls_sci
se,6_cls_sci
surroundings,6_cls_sci
paste,6_cls_sci
have,6_cls_sci
jaw,6_cls_sci
leather,6_cls_sci
sadness,6_cls_sci
lack,6_cls_sci
urea,6_cls_sci
pow,6_cls_sci
house,6_cls_sci
separation,6_cls_sci
filter,6_cls_sci
perform,6_cls_sci
designing,6_cls_sci
whereas,6_cls_sci
branch,6_cls_sci
pluck,6_cls_sci
textile,6_cls_sci
fresh,6_cls_sci
unused,6_cls_sci
foodstuff,6_cls_sci
skull,6_cls_sci
era,6_cls_sci
think,6_cls_sci
freely,6_cls_sci
chemistry,6_cls_sci
impure,6_cls_sci
is,6_cls_sci
ask,6_cls_sci
dental,6_cls_sci
idea,6_cls_sci
other,6_cls_sci
theory,6_cls_sci
graph,6_cls_sci
add,6_cls_sci
pigment,6_cls_sci
more,6_cls_sci
keep,6_cls_sci
artery,6_cls_sci
turn,6_cls_sci
synthetic,6_cls_sci
destroy,6_cls_sci
construction,6_cls_sci
electricity,6_cls_sci
chalk,6_cls_sci
associated,6_cls_sci
female,6_cls_sci
less,6_cls_sci
life,6_cls_sci
mud,6_cls_sci
flower,6_cls_sci
potassium,6_cls_sci
retaining,6_cls_sci
skeleton,6_cls_sci
deer,6_cls_sci
funnel,6_cls_sci
you,6_cls_sci
rate,6_cls_sci
cellulose,6_cls_sci
rather,6_cls_sci
sharpener,6_cls_sci
written,6_cls_sci
point,6_cls_sci
life,6_cls_sci
chemistry,6_cls_sci
page,6_cls_sci
dip,6_cls_sci
prize,6_cls_sci
occupy,6_cls_sci
adult,6_cls_sci
other,6_cls_sci
dead,6_cls_sci
move,6_cls_sci
rice,6_cls_sci
vary,6_cls_sci
touched,6_cls_sci
did,6_cls_sci
foot,6_cls_sci
soluble,6_cls_sci
correct,6_cls_sci
raised,6_cls_sci
above,6_cls_sci
mimosa,6_cls_sci
skeleton,6_cls_sci
affect,6_cls_sci
hinge,6_cls_sci
draw,6_cls_sci
stimulus,6_cls_sci
cotton,6_cls_sci
power,6_cls_sci
magnetic,6_cls_sci
answer,6_cls_sci
show,6_cls_sci
breastbone,6_cls_sci
socket,6_cls_sci
soft,6_cls_sci
northern,6_cls_sci
china,6_cls_sci
thick,6_cls_sci
school,6_cls_sci
times,6_cls_sci
the,6_cls_sci
vaseline,6_cls_sci
sweat,6_cls_sci
property,6_cls_sci
retain,6_cls_sci
produced,6_cls_sci
effects,6_cls_sci
state,6_cls_sci
with,6_cls_sci
them,6_cls_sci
appropriate,6_cls_sci
arrangement,6_cls_sci
washing,6_cls_sci
tapping,6_cls_sci
dal,6_cls_sci
quiz,6_cls_sci
banyan,6_cls_sci
leaves,6_cls_sci
respiration,6_cls_sci
shake,6_cls_sci
whether,6_cls_sci
shirt,6_cls_sci
resistance,6_cls_sci
alike,6_cls_sci
protein,6_cls_sci
explain,6_cls_sci
mix,6_cls_sci
strict,6_cls_sci
computer,6_cls_sci
cage,6_cls_sci
heat,6_cls_sci
coir,6_cls_sci
scientist,6_cls_sci
write,6_cls_sci
current,6_cls_sci
attached,6_cls_sci
light,6_cls_sci
keeping,6_cls_sci
four,6_cls_sci
scientist,6_cls_sci
piece,6_cls_sci
buy,6_cls_sci
fluorine,6_cls_sci
classification,6_cls_sci
size,6_cls_sci
aa,6_cls_sci
paint,6_cls_sci
wrapped,6_cls_sci
list,6_cls_sci
ice,6_cls_sci
suspension,6_cls_sci
variety,6_cls_sci
sat,6_cls_sci
full,6_cls_sci
sari,6_cls_sci
explaining,6_cls_sci
break,6_cls_sci
winter,6_cls_sci
wang,6_cls_sci
make,6_cls_sci
reduce,6_cls_sci
combed,6_cls_sci
sea,6_cls_sci
western,6_cls_sci
all,6_cls_sci
glucose,6_cls_sci
sperm,6_cls_sci
reproduce,6_cls_sci
alum,6_cls_sci
stomata,6_cls_sci
od,6_cls_sci
you,6_cls_sci
twisting,6_cls_sci
order,6_cls_sci
south,6_cls_sci
movement,6_cls_sci
southern,6_cls_sci
share,6_cls_sci
rib,6_cls_sci
tube,6_cls_sci
contextual,6_cls_sci
mass,6_cls_sci
repeatedly,6_cls_sci
escape,6_cls_sci
sil,6_cls_sci
vertebrae,6_cls_sci
collect,6_cls_sci
contract,6_cls_sci
filtration,6_cls_sci
habitat,6_cls_sci
elbow,6_cls_sci
shallow,6_cls_sci
pregnant,6_cls_sci
mixture,6_cls_sci
vitamin,6_cls_sci
advise,6_cls_sci
particular,6_cls_sci
january,6_cls_sci
stand,6_cls_sci
what,6_cls_sci
conical,6_cls_sci
energy,6_cls_sci
bee,6_cls_sci
pistil,6_cls_sci
viscous,6_cls_sci
visit,6_cls_sci
trip,6_cls_sci
long,6_cls_sci
previous,6_cls_sci
to,6_cls_sci
may,6_cls_sci
formed,6_cls_sci
substance,6_cls_sci
here,6_cls_sci
algae,6_cls_sci
pivot,6_cls_sci
biotic,6_cls_sci
but,6_cls_sci
coir,6_cls_sci
low,6_cls_sci
supervision,6_cls_sci
both,6_cls_sci
wo,6_cls_sci
sa,6_cls_sci
extra,6_cls_sci
invention,6_cls_sci
matchstick,6_cls_sci
carnivore,6_cls_sci
washing,6_cls_sci
uncooked,6_cls_sci
home,6_cls_sci
project,6_cls_sci
drill,6_cls_sci
sex,6_cls_sci
fuel,6_cls_sci
burning,6_cls_sci
observe,6_cls_sci
bear,6_cls_sci
muscular,6_cls_sci
box,6_cls_sci
natural,6_cls_sci
believe,6_cls_sci
shortening,6_cls_sci
leave,6_cls_sci
hormone,6_cls_sci
leafy,6_cls_sci
system,6_cls_sci
ate,6_cls_sci
group,6_cls_sci
daily,6_cls_sci
parallel,6_cls_sci
solution,6_cls_sci
vital,6_cls_sci
onto,6_cls_sci
ay,6_cls_sci
emerge,6_cls_sci
strength,6_cls_sci
filling,6_cls_sci
they,6_cls_sci
repeated,6_cls_sci
crore,6_cls_sci
bone,6_cls_sci
expose,6_cls_sci
sometimes,6_cls_sci
evaporation,6_cls_sci
stopper,6_cls_sci
making,6_cls_sci
sick,6_cls_sci
serve,6_cls_sci
aquatic,6_cls_sci
sa,6_cls_sci
urinary,6_cls_sci
click,6_cls_sci
bottom,6_cls_sci
cool,6_cls_sci
indoors,6_cls_sci
chlorine,6_cls_sci
split,6_cls_sci
sal,6_cls_sci
most,6_cls_sci
greater,6_cls_sci
lack,6_cls_sci
that,6_cls_sci
mash,6_cls_sci
fractional,6_cls_sci
reticulate,6_cls_sci
millions,6_cls_sci
floating,6_cls_sci
withstand,6_cls_sci
material,6_cls_sci
separating,6_cls_sci
item,6_cls_sci
huge,6_cls_sci
cat,6_cls_sci
rule,6_cls_sci
activity,6_cls_sci
bose,6_cls_sci
happen,6_cls_sci
just,6_cls_sci
himalayan,6_cls_sci
try,6_cls_sci
explain,6_cls_sci
reproduction,6_cls_sci
honey,6_cls_sci
sodium,6_cls_sci
entirely,6_cls_sci
stand,6_cls_sci
at,6_cls_sci
river,6_cls_sci
enable,6_cls_sci
growth,6_cls_sci
sandpaper,6_cls_sci
feed,6_cls_sci
sunflower,6_cls_sci
knitting,6_cls_sci
call,6_cls_sci
cartilage,6_cls_sci
shearing,6_cls_sci
high,6_cls_sci
floor,6_cls_sci
everyday,6_cls_sci
received,6_cls_sci
open,6_cls_sci
organization,6_cls_sci
loading,6_cls_sci
white,6_cls_sci
silk,6_cls_sci
unsaturated,6_cls_sci
activity,6_cls_sci
homogeneous,6_cls_sci
malate,6_cls_sci
comparison,6_cls_sci
plant,6_cls_sci
if,6_cls_sci
fabric,6_cls_sci
applied,6_cls_sci
photograph,6_cls_sci
girdle,6_cls_sci
functional,6_cls_sci
framework,6_cls_sci
left,6_cls_sci
insoluble,6_cls_sci
taking,6_cls_sci
unit,6_cls_sci
organism,6_cls_sci
backbone,6_cls_sci
tend,6_cls_sci
ma,6_cls_sci
rod,6_cls_sci
tray,6_cls_sci
tooth,6_cls_sci
salt,6_cls_sci
whole,6_cls_sci
solvent,6_cls_sci
mountain,6_cls_sci
upper,6_cls_sci
thing,6_cls_sci
good,6_cls_sci
soon,6_cls_sci
species,6_cls_sci
butter,6_cls_sci
calcium,6_cls_sci
d,6_cls_sci
strengthening,6_cls_sci
fibrous,6_cls_sci
dig,6_cls_sci
are,6_cls_sci
fun,6_cls_sci
juice,6_cls_sci
slipped,6_cls_sci
this,6_cls_sci
receive,6_cls_sci
roughage,6_cls_sci
ey,6_cls_sci
moving,6_cls_sci
based,6_cls_sci
habitat,6_cls_sci
composed,6_cls_sci
reflecting,6_cls_sci
modern,6_cls_sci
neither,6_cls_sci
click,6_cls_sci
ethanol,6_cls_sci
as,6_cls_sci
turban,6_cls_sci
liquid,6_cls_sci
figure,6_cls_sci
earth,6_cls_sci
shown,6_cls_sci
abbreviation,6_cls_sci
drinking,6_cls_sci
goat,6_cls_sci
fall,6_cls_sci
found,6_cls_sci
available,6_cls_sci
ovary,6_cls_sci
around,6_cls_sci
expansion,6_cls_sci
remove,6_cls_sci
fat,6_cls_sci
put,6_cls_sci
i,6_cls_sci
give,6_cls_sci
transportation,6_cls_sci
could,6_cls_sci
transport,6_cls_sci
excess,6_cls_sci
y,6_cls_sci
problem,6_cls_sci
importance,6_cls_sci
spreading,6_cls_sci
alcohol,6_cls_sci
universe,6_cls_sci
require,6_cls_sci
rib,6_cls_sci
transpiration,6_cls_sci
balsam,6_cls_sci
find,6_cls_sci
lining,6_cls_sci
unit,6_cls_sci
surround,6_cls_sci
digest,6_cls_sci
ae,6_cls_sci
have,6_cls_sci
electric,6_cls_sci
almost,6_cls_sci
said,6_cls_sci
fluffy,6_cls_sci
tail,6_cls_sci
tiredness,6_cls_sci
alum,6_cls_sci
scurvy,6_cls_sci
od,6_cls_sci
excrete,6_cls_sci
cent,6_cls_sci
spread,6_cls_sci
appear,6_cls_sci
reversed,6_cls_sci
most,6_cls_sci
pouring,6_cls_sci
while,6_cls_sci
feel,6_cls_sci
reason,6_cls_sci
oxygen,6_cls_sci
tap,6_cls_sci
respiration,6_cls_sci
boiling,6_cls_sci
prime,6_cls_sci
does,6_cls_sci
conservation,6_cls_sci
tendency,6_cls_sci
tumbler,6_cls_sci
story,6_cls_sci
species,6_cls_sci
head,6_cls_sci
parallel,6_cls_sci
taste,6_cls_sci
shelf,6_cls_sci
gas,6_cls_sci
whorl,6_cls_sci
get,6_cls_sci
potter,6_cls_sci
meat,6_cls_sci
spinach,6_cls_sci
against,6_cls_sci
banyan,6_cls_sci
vegetable,6_cls_sci
dish,6_cls_sci
condensation,6_cls_sci
virtual,6_cls_sci
streamlined,6_cls_sci
hydroxide,6_cls_sci
shoulder,6_cls_sci
us,6_cls_sci
regulate,6_cls_sci
new,6_cls_sci
curved,6_cls_sci
structure,6_cls_sci
leg,6_cls_sci
know,6_cls_sci
without,6_cls_sci
clear,6_cls_sci
vegetarian,6_cls_sci
birth,6_cls_sci
set,6_cls_sci
working,6_cls_sci
communication,6_cls_sci
rise,6_cls_sci
new,6_cls_sci
eat,6_cls_sci
coming,6_cls_sci
retted,6_cls_sci
satine,6_cls_sci
between,6_cls_sci
dyeing,6_cls_sci
TRUE,6_cls_sci
heritage,6_cls_sci
concept,6_cls_sci
arthritis,6_cls_sci
biceps,6_cls_sci
together,6_cls_sci
nate,6_cls_sci
in,6_cls_sci
barley,6_cls_sci
fill,6_cls_sci
palm,6_cls_sci
zebra,6_cls_sci
pivot,6_cls_sci
nervous,6_cls_sci
cultivation,6_cls_sci
definitely,6_cls_sci
e,6_cls_sci
pom,6_cls_sci
field,6_cls_sci
thyroid,6_cls_sci
possible,6_cls_sci
type,6_cls_sci
have,6_cls_sci
use,6_cls_sci
constituent,6_cls_sci
appearance,6_cls_sci
length,6_cls_sci
dirty,6_cls_sci
yeast,6_cls_sci
rim,6_cls_sci
room,6_cls_sci
made,6_cls_sci
turnip,6_cls_sci
spinach,6_cls_sci
style,6_cls_sci
wounds,6_cls_sci
separately,6_cls_sci
shin,6_cls_sci
w,6_cls_sci
human,6_cls_sci
completely,6_cls_sci
caries,6_cls_sci
involved,6_cls_sci
lowering,6_cls_sci
industry,6_cls_sci
sin,6_cls_sci
plant,6_cls_sci
blade,6_cls_sci
oral,6_cls_sci
stitching,6_cls_sci
magnification,6_cls_sci
slide,6_cls_sci
complicated,6_cls_sci
turnip,6_cls_sci
pain,6_cls_sci
more,6_cls_sci
breathe,6_cls_sci
maize,6_cls_sci
baby,6_cls_sci
dissolve,6_cls_sci
discovered,6_cls_sci
flexibility,6_cls_sci
heap,6_cls_sci
my,6_cls_sci
green,6_cls_sci
year,6_cls_sci
elastic,6_cls_sci
delicate,6_cls_sci
everything,6_cls_sci
except,6_cls_sci
sulphur,6_cls_sci
very,6_cls_sci
almost,6_cls_sci
reflection,6_cls_sci
added,6_cls_sci
example,6_cls_sci
coat,6_cls_sci
suffering,6_cls_sci
tightly,6_cls_sci
analyse,6_cls_sci
measured,6_cls_sci
these,6_cls_sci
own,6_cls_sci
sides,6_cls_sci
likely,6_cls_sci
chapter,6_cls_sci
grey,6_cls_sci
objective,6_cls_sci
between,6_cls_sci
under,6_cls_sci
glow,6_cls_sci
return,6_cls_sci
stomach,6_cls_sci
glass,6_cls_sci
knitting,6_cls_sci
stir,6_cls_sci
grinding,6_cls_sci
diet,6_cls_sci
sprout,6_cls_sci
main,6_cls_sci
diagram,6_cls_sci
jaw,6_cls_sci
examine,6_cls_sci
milk,6_cls_sci
result,6_cls_sci
roundworm,6_cls_sci
practically,6_cls_sci
ink,6_cls_sci
february,6_cls_sci
pattern,6_cls_sci
pure,6_cls_sci
petroleum,6_cls_sci
gray,6_cls_sci
weak,6_cls_sci
but,6_cls_sci
er,6_cls_sci
compare,6_cls_sci
relax,6_cls_sci
story,6_cls_sci
density,6_cls_sci
blister,6_cls_sci
pick,6_cls_sci
amount,6_cls_sci
such,6_cls_sci
apart,6_cls_sci
hessian,6_cls_sci
map,6_cls_sci
digestion,6_cls_sci
dioxide,6_cls_sci
diameter,6_cls_sci
ay,6_cls_sci
layer,6_cls_sci
added,6_cls_sci
name,6_cls_sci
biggest,6_cls_sci
growing,6_cls_sci
child,6_cls_sci
animal,6_cls_sci
mineral,6_cls_sci
normally,6_cls_sci
factory,6_cls_sci
basic,6_cls_sci
liquid,6_cls_sci
greek,6_cls_sci
then,6_cls_sci
cry,6_cls_sci
until,6_cls_sci
structure,6_cls_sci
woe,6_cls_sci
neat,6_cls_sci
pump,6_cls_sci
electricity,6_cls_sci
broke,6_cls_sci
mainly,6_cls_sci
interested,6_cls_sci
heap,6_cls_sci
traps,6_cls_sci
brain,6_cls_sci
done,6_cls_sci
since,6_cls_sci
triceps,6_cls_sci
latest,6_cls_sci
accurate,6_cls_sci
heat,6_cls_sci
paramecium,6_cls_sci
news,6_cls_sci
eats,6_cls_sci
fine,6_cls_sci
throughout,6_cls_sci
petrol,6_cls_sci
alternate,6_cls_sci
rust,6_cls_sci
food,6_cls_sci
nutrient,6_cls_sci
patient,6_cls_sci
broad,6_cls_sci
hydroxide,6_cls_sci
similar,6_cls_sci
worn,6_cls_sci
container,6_cls_sci
party,6_cls_sci
repair,6_cls_sci
car,6_cls_sci
ie,6_cls_sci
dusty,6_cls_sci
historical,6_cls_sci
learned,6_cls_sci
mud,6_cls_sci
prop,6_cls_sci
exhibit,6_cls_sci
among,6_cls_sci
model,6_cls_sci
semen,6_cls_sci
compare,6_cls_sci
internal,6_cls_sci
sacking,6_cls_sci
three,6_cls_sci
see,6_cls_sci
sprinkle,6_cls_sci
and,6_cls_sci
learn,6_cls_sci
brought,6_cls_sci
someone,6_cls_sci
percentage,6_cls_sci
reticulate,6_cls_sci
apart,6_cls_sci
particle,6_cls_sci
wash,6_cls_sci
bird,6_cls_sci
noon,6_cls_sci
protective,6_cls_sci
abiotic,6_cls_sci
fit,6_cls_sci
collar,6_cls_sci
baby,6_cls_sci
withdraw,6_cls_sci
waterproof,6_cls_sci
filings,6_cls_sci
sound,6_cls_sci
compensate,6_cls_sci
arabian,6_cls_sci
fan,6_cls_sci
lobster,6_cls_sci
difference,6_cls_sci
silt,6_cls_sci
present,6_cls_sci
feature,6_cls_sci
level,6_cls_sci
world,6_cls_sci
cultivated,6_cls_sci
melting,6_cls_sci
otherwise,6_cls_sci
consider,6_cls_sci
our,6_cls_sci
specific,6_cls_sci
six,6_cls_sci
maternal,6_cls_sci
middle,6_cls_sci
contact,6_cls_sci
felt,6_cls_sci
understand,6_cls_sci
catching,6_cls_sci
nylon,6_cls_sci
must,6_cls_sci
about,6_cls_sci
gee,6_cls_sci
spoon,6_cls_sci
backward,6_cls_sci
fourth,6_cls_sci
experiment,6_cls_sci
gooseberry,6_cls_sci
innumerable,6_cls_sci
standard,6_cls_sci
wheel,6_cls_sci
quick,6_cls_sci
uppermost,6_cls_sci
analytical,6_cls_sci
cine,6_cls_sci
go,6_cls_sci
single,6_cls_sci
volume,6_cls_sci
organ,6_cls_sci
too,6_cls_sci
to,6_cls_sci
fleshy,6_cls_sci
blue,6_cls_sci
otherwise,6_cls_sci
agree,6_cls_sci
fur,6_cls_sci
ice,6_cls_sci
source,6_cls_sci
carrot,6_cls_sci
deposition,6_cls_sci
decay,6_cls_sci
be,6_cls_sci
state,6_cls_sci
attach,6_cls_sci
making,6_cls_sci
transpiration,6_cls_sci
weaving,6_cls_sci
spindle,6_cls_sci
else,6_cls_sci
section,6_cls_sci
bacteria,6_cls_sci
essential,6_cls_sci
separation,6_cls_sci
orange,6_cls_sci
plant,6_cls_sci
fleece,6_cls_sci
select,6_cls_sci
brightly,6_cls_sci
coarse,6_cls_sci
seal,6_cls_sci
differently,6_cls_sci
arms,6_cls_sci
thinner,6_cls_sci
manufacture,6_cls_sci
when,6_cls_sci
th,6_cls_sci
central,6_cls_sci
once,6_cls_sci
chain,6_cls_sci
occur,6_cls_sci
listed,6_cls_sci
slight,6_cls_sci
folding,6_cls_sci
engine,6_cls_sci
cow,6_cls_sci
yellow,6_cls_sci
mental,6_cls_sci
even,6_cls_sci
anther,6_cls_sci
circular,6_cls_sci
contents,6_cls_sci
pushing,6_cls_sci
constantly,6_cls_sci
pollen,6_cls_sci
storage,6_cls_sci
consumption,6_cls_sci
breastbone,6_cls_sci
annual,6_cls_sci
being,6_cls_sci
itself,6_cls_sci
round,6_cls_sci
meal,6_cls_sci
quantity,6_cls_sci
wash,6_cls_sci
china,6_cls_sci
humid,6_cls_sci
plastic,6_cls_sci
end,6_cls_sci
science,6_cls_sci
getting,6_cls_sci
missing,6_cls_sci
sheep,6_cls_sci
of,6_cls_sci
plastics,6_cls_sci
advised,6_cls_sci
insect,6_cls_sci
shock,6_cls_sci
slightly,6_cls_sci
sure,6_cls_sci
holy,6_cls_sci
wavelike,6_cls_sci
field,6_cls_sci
respond,6_cls_sci
silkworm,6_cls_sci
identify,6_cls_sci
cupboard,6_cls_sci
stimuli,6_cls_sci
local,6_cls_sci
pour,6_cls_sci
breast,6_cls_sci
function,6_cls_sci
getting,6_cls_sci
settling,6_cls_sci
we,6_cls_sci
condition,6_cls_sci
hail,6_cls_sci
due,6_cls_sci
because,6_cls_sci
grind,6_cls_sci
dissolution,6_cls_sci
observation,6_cls_sci
similarly,6_cls_sci
g,6_cls_sci
spine,6_cls_sci
fused,6_cls_sci
yourself,6_cls_sci
attract,6_cls_sci
do,6_cls_sci
overnight,6_cls_sci
inability,6_cls_sci
people,6_cls_sci
root,6_cls_sci
is,6_cls_sci
accidentally,6_cls_sci
ball,6_cls_sci
te,6_cls_sci
crude,6_cls_sci
kept,6_cls_sci
designed,6_cls_sci
sieve,6_cls_sci
sodium,6_cls_sci
hasten,6_cls_sci
botany,6_cls_sci
machine,6_cls_sci
both,6_cls_sci
dent,6_cls_sci
safe,6_cls_sci
maintenance,6_cls_sci
field,6_cls_sci
stone,6_cls_sci
durability,6_cls_sci
enrichment,6_cls_sci
honeybee,6_cls_sci
immiscible,6_cls_sci
improving,6_cls_sci
fed,6_cls_sci
grass,6_cls_sci
lot,6_cls_sci
up,6_cls_sci
fitting,6_cls_sci
blood,6_cls_sci
out,6_cls_sci
compound,6_cls_sci
tribute,6_cls_sci
since,6_cls_sci
wood,6_cls_sci
place,6_cls_sci
shiny,6_cls_sci
going,6_cls_sci
chance,6_cls_sci
duck,6_cls_sci
vein,6_cls_sci
so,6_cls_sci
avoid,6_cls_sci
decrease,6_cls_sci
oe,6_cls_sci
small,6_cls_sci
entire,6_cls_sci
condense,6_cls_sci
air,6_cls_sci
let,6_cls_sci
related,6_cls_sci
belong,6_cls_sci
banana,6_cls_sci
hair,6_cls_sci
connected,6_cls_sci
two,6_cls_sci
ginger,6_cls_sci
atom,6_cls_sci
element,6_cls_sci
solution,6_cls_sci
number,6_cls_sci
quickly,6_cls_sci
iodine,6_cls_sci
solid,6_cls_sci
sedimentation,6_cls_sci
cup,6_cls_sci
iron,6_cls_sci
scavenger,6_cls_sci
secretion,6_cls_sci
water,6_cls_sci
active,6_cls_sci
reversible,6_cls_sci
fold,6_cls_sci
hard,6_cls_sci
twice,6_cls_sci
response,6_cls_sci
protecting,6_cls_sci
another,6_cls_sci
function,6_cls_sci
tea,6_cls_sci
omnivorous,6_cls_sci
on,6_cls_sci
balance,6_cls_sci
smoothly,6_cls_sci
awa,6_cls_sci
knife,6_cls_sci
goat,6_cls_sci
float,6_cls_sci
melt,6_cls_sci
alee,6_cls_sci
shaped,6_cls_sci
bae,6_cls_sci
without,6_cls_sci
lamina,6_cls_sci
classes,6_cls_sci
works,6_cls_sci
suck,6_cls_sci
sage,6_cls_sci
crush,6_cls_sci
acts,6_cls_sci
plan,6_cls_sci
from,6_cls_sci
research,6_cls_sci
item,6_cls_sci
chlorine,6_cls_sci
weathering,6_cls_sci
photochemical,6_cls_sci
homogeneous,6_cls_sci
y,6_cls_sci
cream,6_cls_sci
or,6_cls_sci
first,6_cls_sci
thread,6_cls_sci
law,6_cls_sci
james,6_cls_sci
fun,6_cls_sci
increase,6_cls_sci
anything,6_cls_sci
physical,6_cls_sci
mechanical,6_cls_sci
like,6_cls_sci
hot,6_cls_sci
arrangement,6_cls_sci
differ,6_cls_sci
react,6_cls_sci
burner,6_cls_sci
what,6_cls_sci
pay,6_cls_sci
indestructible,6_cls_sci
balanced,6_cls_sci
any,6_cls_sci
sting,6_cls_sci
meat,6_cls_sci
rigid,6_cls_sci
flap,6_cls_sci
chemical,6_cls_sci
wheel,6_cls_sci
until,6_cls_sci
puppy,6_cls_sci
biceps,6_cls_sci
against,6_cls_sci
retarded,6_cls_sci
tropical,6_cls_sci
mean,6_cls_sci
deficiency,6_cls_sci
tear,6_cls_sci
when,6_cls_sci
carry,6_cls_sci
ground,6_cls_sci
regain,6_cls_sci
artificial,6_cls_sci
been,6_cls_sci
extensive,6_cls_sci
tortoise,6_cls_sci
reproduction,6_cls_sci
down,6_cls_sci
solubility,6_cls_sci
survive,6_cls_sci
blood,6_cls_sci
warmer,6_cls_sci
their,6_cls_sci
spinning,6_cls_sci
visit,6_cls_sci
bread,6_cls_sci
wear,6_cls_sci
inside,6_cls_sci
expansion,6_cls_sci
play,6_cls_sci
o,6_cls_sci
poster,6_cls_sci
eerie,6_cls_sci
branch,6_cls_sci
join,6_cls_sci
flesh,6_cls_sci
ovary,6_cls_sci
list,6_cls_sci
see,6_cls_sci
network,6_cls_sci
snake,6_cls_sci
hobby,6_cls_sci
ghee,6_cls_sci
fin,6_cls_sci
minimize,6_cls_sci
chemical,6_cls_sci
back,6_cls_sci
other,6_cls_sci
stay,6_cls_sci
fertile,6_cls_sci
separate,6_cls_sci
enamel,6_cls_sci
dimension,6_cls_sci
habit,6_cls_sci
reaction,6_cls_sci
taken,6_cls_sci
rose,6_cls_sci
no,6_cls_sci
pet,6_cls_sci
your,6_cls_sci
organ,6_cls_sci
how,6_cls_sci
reduced,6_cls_sci
classified,6_cls_sci
useful,6_cls_sci
is,6_cls_sci
hand,6_cls_sci
tour,6_cls_sci
writing,6_cls_sci
skeletal,6_cls_sci
backing,6_cls_sci
stigma,6_cls_sci
shorter,6_cls_sci
possibly,6_cls_sci
wrap,6_cls_sci
respective,6_cls_sci
column,6_cls_sci
map,6_cls_sci
look,6_cls_sci
fibrous,6_cls_sci
separate,6_cls_sci
eating,6_cls_sci
smell,6_cls_sci
collected,6_cls_sci
bowel,6_cls_sci
broken,6_cls_sci
attendance,6_cls_sci
discuss,6_cls_sci
petiole,6_cls_sci
actually,6_cls_sci
soaking,6_cls_sci
application,6_cls_sci
yarn,6_cls_sci
stir,6_cls_sci
compound,6_cls_sci
ancient,6_cls_sci
freezing,6_cls_sci
crystal,6_cls_sci
oil,6_cls_sci
for,6_cls_sci
link,6_cls_sci
speed,6_cls_sci
showing,6_cls_sci
few,6_cls_sci
apply,6_cls_sci
hi,6_cls_sci
bring,6_cls_sci
store,6_cls_sci
health,6_cls_sci
set,6_cls_sci
slow,6_cls_sci
eat,6_cls_sci
production,6_cls_sci
disease,6_cls_sci
away,6_cls_sci
torch,6_cls_sci
front,6_cls_sci
food,6_cls_sci
where,6_cls_sci
natural,6_cls_sci
eaten,6_cls_sci
respirator,6_cls_sci
test,6_cls_sci
waste,6_cls_sci
yea,6_cls_sci
during,6_cls_sci
fibrous,6_cls_sci
cheese,6_cls_sci
matter,6_cls_sci
instead,6_cls_sci
supply,6_cls_sci
grain,6_cls_sci
better,6_cls_sci
wit,6_cls_sci
gold,6_cls_sci
leaf,6_cls_sci
considerable,6_cls_sci
upside,6_cls_sci
allow,6_cls_sci
bougainvillea,6_cls_sci
off,6_cls_sci
fill,6_cls_sci
pipe,6_cls_sci
catch,6_cls_sci
absorbed,6_cls_sci
collar,6_cls_sci
tar,6_cls_sci
disease,6_cls_sci
rootedness,6_cls_sci
chart,6_cls_sci
curd,6_cls_sci
say,6_cls_sci
salt,6_cls_sci
pass,6_cls_sci
stamen,6_cls_sci
stopper,6_cls_sci
ugly,6_cls_sci
coin,6_cls_sci
a,6_cls_sci
eye,6_cls_sci
mouth,6_cls_sci
venation,6_cls_sci
miscibility,6_cls_sci
permanent,6_cls_sci
behind,6_cls_sci
sunlight,6_cls_sci
some,6_cls_sci
swell,6_cls_sci
sometimes,6_cls_sci
determined,6_cls_sci
project,6_cls_sci
like,6_cls_sci
however,6_cls_sci
melted,6_cls_sci
recognize,6_cls_sci
winnowing,6_cls_sci
fish,6_cls_sci
prevent,6_cls_sci
those,6_cls_sci
oven,6_cls_sci
touch,6_cls_sci
wind,6_cls_sci
longer,6_cls_sci
wheat,6_cls_sci
knee,6_cls_sci
yo,6_cls_sci
smooth,6_cls_sci
ay,6_cls_sci
formation,6_cls_sci
importance,6_cls_sci
prop,6_cls_sci
cycle,6_cls_sci
domestic,6_cls_sci
alum,6_cls_sci
breath,6_cls_sci
slows,6_cls_sci
black,6_cls_sci
endoskeleton,6_cls_sci
properly,6_cls_sci
mark,6_cls_sci
collection,6_cls_sci
suppose,6_cls_sci
dependent,6_cls_sci
wall,6_cls_sci
reproductive,6_cls_sci
clothing,6_cls_sci
er,6_cls_sci
oiled,6_cls_sci
streamlined,6_cls_sci
shape,6_cls_sci
and,6_cls_sci
come,6_cls_sci
often,6_cls_sci
comfortable,6_cls_sci
friend,6_cls_sci
initial,6_cls_sci
yo,6_cls_sci
pluck,6_cls_sci
different,6_cls_sci
vertebra,6_cls_sci
wrapping,6_cls_sci
derived,6_cls_sci
content,6_cls_sci
burst,6_cls_sci
slowly,6_cls_sci
direction,6_cls_sci
seen,6_cls_sci
carry,6_cls_sci
of,6_cls_sci
determine,6_cls_sci
become,6_cls_sci
microscope,6_cls_sci
there,6_cls_sci
forward,6_cls_sci
anyone,6_cls_sci
polyester,6_cls_sci
molecular,6_cls_sci
sweet,6_cls_sci
chicken,6_cls_sci
cutting,6_cls_sci
fracture,6_cls_sci
transparent,6_cls_sci
obese,6_cls_sci
table,6_cls_sci
orchid,6_cls_sci
thus,6_cls_sci
strip,6_cls_sci
indoor,6_cls_sci
literacy,6_cls_sci
gold,6_cls_sci
readily,6_cls_sci
prepare,6_cls_sci
keep,6_cls_sci
chloride,6_cls_sci
grow,6_cls_sci
distilled,6_cls_sci
picture,6_cls_sci
protection,6_cls_sci
penis,6_cls_sci
september,6_cls_sci
synthetic,6_cls_sci
gland,6_cls_sci
class,6_cls_sci
external,6_cls_sci
unable,6_cls_sci
effect,6_cls_sci
soak,6_cls_sci
eraser,6_cls_sci
fallen,6_cls_sci
behaviour,6_cls_sci
decantation,6_cls_sci
hamstring,6_cls_sci
collect,6_cls_sci
density,6_cls_sci
faster,6_cls_sci
cage,6_cls_sci
dust,6_cls_sci
many,6_cls_sci
tearing,6_cls_sci
distant,6_cls_sci
body,6_cls_sci
quite,6_cls_sci
fabric,6_cls_sci
led,6_cls_sci
contain,6_cls_sci
moisture,6_cls_sci
growth,6_cls_sci
table,6_cls_sci
directly,6_cls_sci
feel,6_cls_sci
scheme,6_cls_sci
inserted,6_cls_sci
bony,6_cls_sci
work,6_cls_sci
g,6_cls_sci
perpendicular,6_cls_sci
soph,6_cls_sci
ash,6_cls_sci
next,6_cls_sci
heterogeneous,6_cls_sci
simple,6_cls_sci
resistant,6_cls_sci
membrane,6_cls_sci
as,6_cls_sci
vast,6_cls_sci
rounded,6_cls_sci
task,6_cls_sci
arrangement,6_cls_sci
irreversible,6_cls_sci
reversible,6_cls_sci
digestive,6_cls_sci
can,6_cls_sci
blood,6_cls_sci
tasty,6_cls_sci
potatoes,6_cls_sci
gathering,6_cls_sci
separates,6_cls_sci
nail,6_cls_sci
stalk,6_cls_sci
porous,6_cls_sci
venus,6_cls_sci
leaves,6_cls_sci
want,6_cls_sci
jar,6_cls_sci
various,6_cls_sci
confined,6_cls_sci
for,6_cls_sci
wick,6_cls_sci
this,6_cls_sci
according,6_cls_sci
one,6_cls_sci
molten,6_cls_sci
pollen,6_cls_sci
trade,6_cls_sci
yas,6_cls_sci
bone,6_cls_sci
ata,6_cls_sci
ultraviolet,6_cls_sci
tearing,6_cls_sci
cooking,6_cls_sci
carbon,6_cls_sci
healthy,6_cls_sci
illustrate,6_cls_sci
mention,6_cls_sci
shake,6_cls_sci
links,6_cls_sci
vertebral,6_cls_sci
tendril,6_cls_sci
washing,6_cls_sci
figure,6_cls_sci
advisable,6_cls_sci
weather,6_cls_sci
mid,6_cls_sci
closed,6_cls_sci
collectively,6_cls_sci
difficult,6_cls_sci
canopy,6_cls_sci
tract,6_cls_sci
jones,6_cls_sci
bind,6_cls_sci
shiny,6_cls_sci
urine,6_cls_sci
lost,6_cls_sci
leaf,6_cls_sci
device,6_cls_sci
founder,6_cls_sci
inside,6_cls_sci
skill,6_cls_sci
broccoli,6_cls_sci
protection,6_cls_sci
harm,6_cls_sci
drawing,6_cls_sci
composition,6_cls_sci
liquid,6_cls_sci
wet,6_cls_sci
vertically,6_cls_sci
deficiency,6_cls_sci
kill,6_cls_sci
straighten,6_cls_sci
from,6_cls_sci
every,6_cls_sci
object,6_cls_sci
ginger,6_cls_sci
flow,6_cls_sci
backbone,6_cls_sci
experimentally,6_cls_sci
molecule,6_cls_sci
by,6_cls_sci
soil,6_cls_sci
to,6_cls_sci
library,6_cls_sci
individual,6_cls_sci
though,6_cls_sci
who,6_cls_sci
fine,6_cls_sci
cotton,6_cls_sci
scurvy,6_cls_sci
shastri,6_cls_sci
insoluble,6_cls_sci
came,6_cls_sci
layer,6_cls_sci
jute,6_cls_sci
kind,6_cls_sci
rate,6_cls_sci
removing,6_cls_sci
its,6_cls_sci
additional,6_cls_sci
magnet,6_cls_sci
system,6_cls_sci
kilogram,6_cls_sci
new,6_cls_sci
neck,6_cls_sci
us,6_cls_sci
dog,6_cls_sci
thought,6_cls_sci
every,6_cls_sci
lose,6_cls_sci
point,6_cls_sci
continuously,6_cls_sci
uniformly,6_cls_sci
cooking,6_cls_sci
capsicum,6_cls_sci
capture,6_cls_sci
consider,6_cls_sci
polyester,6_cls_sci
reproduce,6_cls_sci
older,6_cls_sci
tweezers,6_cls_sci
wild,6_cls_sci
fibula,6_cls_sci
wood,6_cls_sci
rotting,6_cls_sci
rest,6_cls_sci
quantity,6_cls_sci
jug,6_cls_sci
ole,6_cls_sci
sheer,6_cls_sci
one,6_cls_sci
oil,6_cls_sci
piece,6_cls_sci
stay,6_cls_sci
i,6_cls_sci
adjustment,6_cls_sci
plenty,6_cls_sci
raise,6_cls_sci
her,6_cls_sci
nearest,6_cls_sci
certainly,6_cls_sci
s,6_cls_sci
presence,6_cls_sci
smote,6_cls_sci
classification,6_cls_sci
throwing,6_cls_sci
thigh,6_cls_sci
slip,6_cls_sci
across,6_cls_sci
around,6_cls_sci
chine,6_cls_sci
demonstrate,6_cls_sci
made,6_cls_sci
coconut,6_cls_sci
transparency,6_cls_sci
discovery,6_cls_sci
concentrated,6_cls_sci
learnt,6_cls_sci
opaque,6_cls_sci
wearing,6_cls_sci
miscible,6_cls_sci
take,6_cls_sci
am,6_cls_sci
candle,6_cls_sci
forming,6_cls_sci
there,6_cls_sci
beyond,6_cls_sci
short,6_cls_sci
run,6_cls_sci
attraction,6_cls_sci
grown,6_cls_sci
molecule,6_cls_sci
specialized,6_cls_sci
lion,6_cls_sci
jaggery,6_cls_sci
loose,6_cls_sci
identify,6_cls_sci
mustard,6_cls_sci
breathing,6_cls_sci
chain,6_cls_sci
fee,6_cls_sci
boiled,6_cls_sci
solidification,6_cls_sci
organism,6_cls_sci
independence,6_cls_sci
thinking,6_cls_sci
traditional,6_cls_sci
two,6_cls_sci
reach,6_cls_sci
scientific,6_cls_sci
vein,6_cls_sci
should,6_cls_sci
marasmus,6_cls_sci
describe,6_cls_sci
building,6_cls_sci
ey,6_cls_sci
starting,6_cls_sci
decided,6_cls_sci
cover,6_cls_sci
son,6_cls_sci
tangy,6_cls_sci
worked,6_cls_sci
chapter,6_cls_sci
speeding,6_cls_sci
soda,6_cls_sci
taste,6_cls_sci
people,6_cls_sci
twisted,6_cls_sci
feeding,6_cls_sci
e,6_cls_sci
absorbing,6_cls_sci
trapped,6_cls_sci
natural,6_cls_sci
ever,6_cls_sci
jeans,6_cls_sci
phenomena,6_cls_sci
overweight,6_cls_sci
convenient,6_cls_sci
tired,6_cls_sci
answer,6_cls_sci
onion,6_cls_sci
clothing,6_cls_sci
laboratory,6_cls_sci
position,6_cls_sci
shape,6_cls_sci
hinge,6_cls_sci
note,6_cls_sci
similar,6_cls_sci
bitten,6_cls_sci
louis,6_cls_sci
presentation,6_cls_sci
he,6_cls_sci
even,6_cls_sci
lateral,6_cls_sci
extracted,6_cls_sci
internal,6_cls_sci
carbon,6_cls_sci
coast,6_cls_sci
spinning,6_cls_sci
cone,6_cls_sci
resin,6_cls_sci
known,6_cls_sci
thin,6_cls_sci
proved,6_cls_sci
fly,6_cls_sci
word,6_cls_sci
afford,6_cls_sci
sun,6_cls_sci
need,6_cls_sci
limited,6_cls_sci
wooden,6_cls_sci
electric,6_cls_sci
sai,6_cls_sci
scratch,6_cls_sci
for,6_cls_sci
site,6_cls_sci
clayey,6_cls_sci
five,6_cls_sci
possess,6_cls_sci
ankle,6_cls_sci
april,6_cls_sci
botanical,6_cls_sci
bigger,6_cls_sci
our,6_cls_sci
why,6_cls_sci
easiest,6_cls_sci
m,6_cls_sci
near,6_cls_sci
let,6_cls_sci
insoluble,6_cls_sci
boiling,6_cls_sci
only,6_cls_sci
incidence,6_cls_sci
microscopic,6_cls_sci
mirror,6_cls_sci
face,6_cls_sci
eye,6_cls_sci
though,6_cls_sci
coating,6_cls_sci
rotation,6_cls_sci
medium,6_cls_sci
strong,6_cls_sci
photosynthesis,6_cls_sci
cooling,6_cls_sci
research,6_cls_sci
colloid,6_cls_sci
flowering,6_cls_sci
under,6_cls_sci
d,6_cls_sci
read,6_cls_sci
information,6_cls_sci
nature,6_cls_sci
spirit,6_cls_sci
somebody,6_cls_sci
air,6_cls_sci
twist,6_cls_sci
minute,6_cls_sci
diseased,6_cls_sci
major,6_cls_sci
development,6_cls_sci
design,6_cls_sci
soluble,6_cls_sci
residue,6_cls_sci
generally,6_cls_sci
colour,6_cls_sci
revolution,6_cls_sci
enter,6_cls_sci
beating,6_cls_sci
human,6_cls_sci
never,6_cls_sci
poe,6_cls_sci
job,6_cls_sci
tie,6_cls_sci
spinal,6_cls_sci
reading,6_cls_sci
everyday,6_cls_sci
material,6_cls_sci
unicellular,6_cls_sci
pot,6_cls_sci
stitching,6_cls_sci
indian,6_cls_sci
respire,6_cls_sci
whose,6_cls_sci
its,6_cls_sci
movement,6_cls_sci
reuse,6_cls_sci
normal,6_cls_sci
goo,6_cls_sci
muddy,6_cls_sci
vitamin,6_cls_sci
produce,6_cls_sci
basis,6_cls_sci
oak,6_cls_sci
jute,6_cls_sci
excrete,6_cls_sci
inner,6_cls_sci
band,6_cls_sci
sugar,6_cls_sci
try,6_cls_sci
spinach,6_cls_sci
drain,6_cls_sci
after,6_cls_sci
definite,6_cls_sci
time,6_cls_sci
removal,6_cls_sci
temperature,6_cls_sci
tip,6_cls_sci
supporting,6_cls_sci
dissect,6_cls_sci
kick,6_cls_sci
wo,6_cls_sci
model,6_cls_sci
knitted,6_cls_sci
mixed,6_cls_sci
south,6_cls_sci
millet,6_cls_sci
ago,6_cls_sci
reference,6_cls_sci
chapter,6_cls_sci
constipation,6_cls_sci
rear,6_cls_sci
solute,6_cls_sci
pure,6_cls_sci
sustaining,6_cls_sci
therefore,6_cls_sci
history,6_cls_sci
distilled,6_cls_sci
heating,6_cls_sci
se,6_cls_sci
help,6_cls_sci
variety,6_cls_sci
large,6_cls_sci
clearly,6_cls_sci
undergoing,6_cls_sci
squeezing,6_cls_sci
excessive,6_cls_sci
combine,6_cls_sci
h,6_cls_sci
sea,6_cls_sci
preparation,6_cls_sci
clothes,6_cls_sci
grouping,6_cls_sci
conductor,6_cls_sci
learning,6_cls_sci
into,6_cls_sci
rough,6_cls_sci
area,6_cls_sci
love,6_cls_sci
commonly,6_cls_sci
flytrap,6_cls_sci
beyond,6_cls_sci
none,6_cls_sci
roughage,6_cls_sci
middle,6_cls_sci
converting,6_cls_sci
many,6_cls_sci
least,6_cls_sci
days,6_cls_sci
sowing,6_cls_sci
compressed,6_cls_sci
great,6_cls_sci
tilting,6_cls_sci
fish,6_cls_sci
no,6_cls_sci
through,6_cls_sci
stem,6_cls_sci
frosted,6_cls_sci
organ,6_cls_sci
paper,6_cls_sci
neem,6_cls_sci
their,6_cls_sci
walk,6_cls_sci
knowledge,6_cls_sci
addition,6_cls_sci
glue,6_cls_sci
italian,6_cls_sci
not,6_cls_sci
again,6_cls_sci
mixed,6_cls_sci
their,6_cls_sci
elephant,6_cls_sci
cold,6_cls_sci
silk,6_cls_sci
magnetic,6_cls_sci
english,6_cls_sci
blistering,6_cls_sci
unwanted,6_cls_sci
tee,6_cls_sci
included,6_cls_sci
throw,6_cls_sci
live,6_cls_sci
reference,6_cls_sci
interesting,6_cls_sci
long,6_cls_sci
clean,6_cls_sci
undergo,6_cls_sci
absorber,6_cls_sci
burn,6_cls_sci
transported,6_cls_sci
who,6_cls_sci
till,6_cls_sci
matter,6_cls_sci
testing,6_cls_sci
some,6_cls_sci
circle,6_cls_sci
very,6_cls_sci
cone,6_cls_sci
translucent,6_cls_sci
alive,6_cls_sci
select,6_cls_sci
lay,6_cls_sci
release,6_cls_sci
earthworm,6_cls_sci
malnutrition,6_cls_sci
peel,6_cls_sci
same,6_cls_sci
survival,6_cls_sci
clothes,6_cls_sci
naked,6_cls_sci
activity,6_cls_sci
weakness,6_cls_sci
ran,6_cls_sci
go,6_cls_sci
rama,6_cls_sci
cause,6_cls_sci
water,6_cls_sci
this,6_cls_sci
te,6_cls_sci
converted,6_cls_sci
common,6_cls_sci
multicellular,6_cls_sci
cut,6_cls_sci
german,6_cls_sci
consist,6_cls_sci
mango,6_cls_sci
pond,6_cls_sci
pedicel,6_cls_sci
get,6_cls_sci
support,6_cls_sci
which,6_cls_sci
separation,6_cls_sci
frog,6_cls_sci
doing,6_cls_sci
while,6_cls_sci
passing,6_cls_sci
matter,6_cls_sci
hold,6_cls_sci
solve,6_cls_sci
grasshopper,6_cls_sci
also,6_cls_sci
dogs,6_cls_sci
lamina,6_cls_sci
had,6_cls_sci
carefully,6_cls_sci
mulberry,6_cls_sci
what,6_cls_sci
woman,6_cls_sci
motion,6_cls_sci
visible,6_cls_sci
clay,6_cls_sci
sentence,6_cls_sci
folding,6_cls_sci
before,6_cls_sci
salt,6_cls_sci
far,6_cls_sci
pierce,6_cls_sci
among,6_cls_sci
open,6_cls_sci
egg,6_cls_sci
z,6_cls_sci
depending,6_cls_sci
research,6_cls_sci
window,6_cls_sci
close,6_cls_sci
each,6_cls_sci
power,6_cls_sci
cook,6_cls_sci
settle,6_cls_sci
sea,6_cls_sci
definite,6_cls_sci
protect,6_cls_sci
exactly,6_cls_sci
physical,6_cls_sci
beaker,6_cls_sci
disturb,6_cls_sci
coil,6_cls_sci
drink,6_cls_sci
bring,6_cls_sci
information,6_cls_sci
test,6_cls_sci
omer,6_cls_sci
dried,6_cls_sci
wrinkle,6_cls_sci
sarong,6_cls_sci
over,6_cls_sci
walking,6_cls_sci
alans,6_cls_sci
needles,6_cls_sci
property,6_cls_sci
last,6_cls_sci
femur,6_cls_sci
letter,6_cls_sci
alternately,6_cls_sci
hence,6_cls_sci
common,6_cls_sci
plan,6_cls_sci
shoot,6_cls_sci
drain,6_cls_sci
squirrel,6_cls_sci
suggest,6_cls_sci
distillation,6_cls_sci
about,6_cls_sci
why,6_cls_sci
touch,6_cls_sci
as,6_cls_sci
form,6_cls_sci
prey,6_cls_sci
cactus,6_cls_sci
learn,6_cls_sci
lighter,6_cls_sci
does,6_cls_sci
tough,6_cls_sci
fruit,6_cls_sci
direction,6_cls_sci
web,6_cls_sci
skeleton,6_cls_sci
sinking,6_cls_sci
glide,6_cls_sci
fractional,6_cls_sci
alluvial,6_cls_sci
estimation,6_cls_sci
place,6_cls_sci
chiefly,6_cls_sci
TRUE,6_cls_sci
skin,6_cls_sci
side,6_cls_sci
within,6_cls_sci
was,6_cls_sci
warm,6_cls_sci
filled,6_cls_sci
rub,6_cls_sci
reverse,6_cls_sci
shine,6_cls_sci
starchy,6_cls_sci
teaspoon,6_cls_sci
goes,6_cls_sci
anaemia,6_cls_sci
begin,6_cls_sci
link,6_cls_sci
button,6_cls_sci
branching,6_cls_sci
across,6_cls_sci
some,6_cls_sci
evenly,6_cls_sci
would,6_cls_sci
recall,6_cls_sci
shell,6_cls_sci
chemist,6_cls_sci
francis,6_cls_sci
science,6_cls_sci
define,6_cls_sci
washed,6_cls_sci
chicken,6_cls_sci
sawdust,6_cls_sci
weald,6_cls_sci
they,6_cls_sci
brown,6_cls_sci
kerosene,6_cls_sci
peculiar,6_cls_sci
tree,6_cls_sci
day,6_cls_sci
responsible,6_cls_sci
species,6_cls_sci
denim,6_cls_sci
iron,6_cls_sci
combing,6_cls_sci
honey,6_cls_sci
detail,6_cls_sci
reasonably,6_cls_sci
think,6_cls_sci
situated,6_cls_sci
notice,6_cls_sci
potato,6_cls_sci
being,6_cls_sci
cultural,6_cls_sci
choose,6_cls_sci
kapok,6_cls_sci
need,6_cls_sci
glance,6_cls_sci
transparent,6_cls_sci
evaporation,6_cls_sci
load,6_cls_sci
it,6_cls_sci
besides,6_cls_sci
certain,6_cls_sci
after,6_cls_sci
cannot,6_cls_sci
organized,6_cls_sci
prime,6_cls_sci
average,6_cls_sci
synthetic,6_cls_sci
moving,6_cls_sci
horse,6_cls_sci
bird,6_cls_sci
all,6_cls_sci
close,6_cls_sci
glowing,6_cls_sci
shoot,6_cls_sci
objective,6_cls_sci
irregular,6_cls_sci
dust,6_cls_sci
bow,6_cls_sci
nose,6_cls_sci
critical,6_cls_sci
below,6_cls_sci
black,6_cls_sci
prepared,6_cls_sci
nutrition,6_cls_sci
rubber,6_cls_sci
market,6_cls_sci
freezing,6_cls_sci
o,6_cls_sci
order,6_cls_sci
extreme,6_cls_sci
lemon,6_cls_sci
in,6_cls_sci
wasting,6_cls_sci
eminent,6_cls_sci
intake,6_cls_sci
dissolve,6_cls_sci
boil,6_cls_sci
past,6_cls_sci
kicking,6_cls_sci
pincers,6_cls_sci
hung,6_cls_sci
joint,6_cls_sci
arm,6_cls_sci
coolant,6_cls_sci
pasteur,6_cls_sci
snake,6_cls_sci
cap,6_cls_sci
lived,6_cls_sci
search,6_cls_sci
male,6_cls_sci
term,6_cls_sci
running,6_cls_sci
silver,6_cls_sci
discuss,6_cls_sci
series,6_cls_sci
loosely,6_cls_sci
pass,6_cls_sci
opaque,6_cls_sci
mixture,6_cls_sci
know,6_cls_sci
government,6_cls_sci
melting,6_cls_sci
that,6_cls_sci
develop,6_cls_sci
repeat,6_cls_sci
liver,6_cls_sci
root,6_cls_sci
she,6_cls_sci
excretion,6_cls_sci
bell,6_cls_sci
peel,6_cls_sci
solvent,6_cls_sci
leaf,6_cls_sci
british,6_cls_sci
start,6_cls_sci
stuffing,6_cls_sci
choose,6_cls_sci
also,6_cls_sci
lab,6_cls_sci
coriander,6_cls_sci
body,6_cls_sci
measurement,6_cls_sci
harmful,6_cls_sci
are,6_cls_sci
saw,6_cls_sci
basil,6_cls_sci
texture,6_cls_sci
primary,6_cls_sci
undertook,6_cls_sci
reversible,6_cls_sci
bathroom,6_cls_sci
clear,6_cls_sci
here,6_cls_sci
humerus,6_cls_sci
in,6_cls_sci
date,6_cls_sci
now,6_cls_sci
earthworm,6_cls_sci
arise,6_cls_sci
extinguished,6_cls_sci
triceps,6_cls_sci
total,6_cls_sci
skin,6_cls_sci
crop,6_cls_sci
exposed,6_cls_sci
product,6_cls_sci
delta,6_cls_sci
up,6_cls_sci
hold,6_cls_sci
rope,6_cls_sci
food,6_cls_sci
him,6_cls_sci
narrow,6_cls_sci
were,6_cls_sci
wrist,6_cls_sci
stop,6_cls_sci
sent,6_cls_sci
potted,6_cls_sci
science,6_cls_sci
partially,6_cls_sci
immiscible,6_cls_sci
provided,6_cls_sci
allow,6_cls_sci
night,6_cls_sci
exist,6_cls_sci
look,6_cls_sci
requirement,6_cls_sci
providing,6_cls_sci
teacher,6_cls_sci
z,6_cls_sci
rapidly,6_cls_sci
grazing,6_cls_sci
big,6_cls_sci
diet,6_cls_sci
tender,6_cls_sci
gliding,6_cls_sci
proper,6_cls_sci
something,6_cls_sci
same,6_cls_sci
paddle,6_cls_sci
physical,6_cls_sci
time,6_cls_sci
plane,6_cls_sci
page,6_cls_sci
sharp,6_cls_sci
negligible,6_cls_sci
closely,6_cls_sci
dioxide,6_cls_sci
air,6_cls_sci
leads,6_cls_sci
occupy,6_cls_sci
s,6_cls_sci
find,6_cls_sci
woo,6_cls_sci
remain,6_cls_sci
key,6_cls_sci
flame,6_cls_sci
sheep,6_cls_sci
climb,6_cls_sci
chlorophyll,6_cls_sci
pull,6_cls_sci
separating,6_cls_sci
north,6_cls_sci
protective,6_cls_sci
importance,6_cls_sci
chestnut,6_cls_sci
replace,6_cls_sci
leeches,6_cls_sci
pomegranate,6_cls_sci
measure,6_cls_sci
note,6_cls_sci
mint,6_cls_sci
chew,6_cls_sci
mostly,6_cls_sci
environment,6_cls_sci
dry,6_cls_sci
seed,6_cls_sci
stomata,6_cls_sci
aquatic,6_cls_sci
whether,6_cls_sci
removing,6_cls_sci
average,6_cls_sci
clear,6_cls_sci
ways,6_cls_sci
potassium,6_cls_sci
best,6_cls_sci
mortar,6_cls_sci
osmosis,6_cls_sci
petrol,6_cls_sci
dangerous,6_cls_sci
solubility,6_cls_sci
passion,6_cls_sci
sample,6_cls_sci
clean,6_cls_sci
texture,6_cls_sci
snail,6_cls_sci
mouse,6_cls_sci
combined,6_cls_sci
grapevine,6_cls_sci
ten,6_cls_sci
is,6_cls_sci
the,6_cls_sci
convert,6_cls_sci
provide,6_cls_sci
exercise,6_cls_sci
apparatus,6_cls_sci
chair,6_cls_sci
imagine,6_cls_sci
floating,6_cls_sci
flour,6_cls_sci
established,6_cls_sci
rickets,6_cls_sci
drop,6_cls_sci
sheet,6_cls_sci
hollow,6_cls_sci
j,6_cls_sci
light,6_cls_sci
paste,6_cls_sci
wire,6_cls_sci
advantage,6_cls_sci
rein,6_cls_sci
ostrich,6_cls_sci
woven,6_cls_sci
knee,6_cls_sci
if,6_cls_sci
finger,6_cls_sci
loading,6_cls_sci
traditionally,6_cls_sci
watch,6_cls_sci
chromatography,6_cls_sci
withdrawing,6_cls_sci
outline,6_cls_sci
structure,6_cls_sci
turns,6_cls_sci
onion,6_cls_sci
neem,6_cls_sci
setting,6_cls_sci
nor,6_cls_sci
solid,6_cls_sci
bend,6_cls_sci
bleeding,6_cls_sci
where,6_cls_sci
skull,6_cls_sci
skin,6_cls_sci
than,6_cls_sci
swim,6_cls_sci
culture,6_cls_sci
out,6_cls_sci
wastage,6_cls_sci
value,6_cls_sci
underground,6_cls_sci
bulk,6_cls_sci
discussion,6_cls_sci
investigate,6_cls_sci
smoothness,6_cls_sci
rainy,6_cls_sci
oxygen,6_cls_sci
gently,6_cls_sci
continue,6_cls_sci
rich,6_cls_sci
conversion,6_cls_sci
further,6_cls_sci
fin,6_cls_sci
name,6_cls_sci
magnetism,6_cls_sci
always,6_cls_sci
near,6_cls_sci
tissue,6_cls_sci
te,6_cls_sci
carried,6_cls_sci
contraction,6_cls_sci
excretory,6_cls_sci
toxic,6_cls_sci
add,6_cls_sci
world,6_cls_sci
so,6_cls_sci
thus,6_cls_sci
enclose,6_cls_sci
scheme,6_cls_sci
giving,6_cls_sci
curve,6_cls_sci
cartilage,6_cls_sci
video,6_cls_sci
reaction,6_cls_sci
miscible,6_cls_sci
still,6_cls_sci
glass,6_cls_sci
sue,6_cls_sci
sown,6_cls_sci
scientist,6_cls_sci
tele,6_cls_sci
striking,6_cls_sci
handle,6_cls_sci
cactus,6_cls_sci
typical,6_cls_sci
unless,6_cls_sci
phototropism,6_cls_sci
gently,6_cls_sci
miscible,6_cls_sci
gave,6_cls_sci
bear,6_cls_sci
divide,6_cls_sci
pointed,6_cls_sci
during,6_cls_sci
me,6_cls_sci
inner,6_cls_sci
teeth,6_cls_sci
by,6_cls_sci
ped,6_cls_sci
citrus,6_cls_sci
raw,6_cls_sci
loss,6_cls_sci
carefully,6_cls_sci
carrot,6_cls_sci
easily,6_cls_sci
principle,6_cls_sci
emphasize,6_cls_sci
immiscible,6_cls_sci
cockroach,6_cls_sci
ie,6_cls_sci
acquired,6_cls_sci
shoulder,6_cls_sci
drug,6_cls_sci
increasing,6_cls_sci
especially,6_cls_sci
cand,6_cls_sci
won,6_cls_sci
process,6_cls_sci
distillation,6_cls_sci
wax,6_cls_sci
change,6_cls_sci
heaps,6_cls_sci
etching,6_cls_sci
selling,6_cls_sci
oes,6_cls_sci
fabric,6_cls_sci
ret,6_cls_sci
human,6_cls_sci
definitely,6_cls_sci
protest,6_cls_sci
region,6_cls_sci
opinion,6_cls_sci
tasting,6_cls_sci
table,6_cls_sci
silk,6_cls_sci
minister,6_cls_sci
article,6_cls_sci
ox,6_cls_sci
chest,6_cls_sci
intestine,6_cls_sci
bell,6_cls_sci
divided,6_cls_sci
vagina,6_cls_sci
he,6_cls_sci
base,6_cls_sci
severe,6_cls_sci
cabbage,6_cls_sci
humerus,6_cls_sci
pull,6_cls_sci
tap,6_cls_sci
position,6_cls_sci
spun,6_cls_sci
boil,6_cls_sci
continuous,6_cls_sci
ponder,6_cls_sci
main,6_cls_sci
its,6_cls_sci
consume,6_cls_sci
pencil,6_cls_sci
gram,6_cls_sci
fatter,6_cls_sci
motion,6_cls_sci
housefly,6_cls_sci
vinegar,6_cls_sci
unwound,6_cls_sci
tail,6_cls_sci
distance,6_cls_sci
pump,6_cls_sci
swelling,6_cls_sci
balloon,6_cls_sci
then,6_cls_sci
leather,6_cls_sci
independent,6_cls_sci
pour,6_cls_sci
different,6_cls_sci
en,6_cls_sci
sedimentation,6_cls_sci
stop,6_cls_sci
dalton,6_cls_sci
therefore,6_cls_sci
friction,6_cls_sci
decide,6_cls_sci
size,6_cls_sci
weigh,6_cls_sci
represent,6_cls_sci
mineral,6_cls_sci
various,6_cls_sci
practice,6_cls_sci
breathed,6_cls_sci
garbage,6_cls_sci
morning,6_cls_sci
notice,6_cls_sci
tiny,6_cls_sci
observe,6_cls_sci
teaspoonful,6_cls_sci
transferred,6_cls_sci
old,6_cls_sci
aes,6_cls_sci
hookworm,6_cls_sci
weight,6_cls_sci
need,6_cls_sci
grayish,6_cls_sci
as,6_cls_sci
looking,6_cls_sci
breeze,6_cls_sci
enough,6_cls_sci
jute,6_cls_sci
permanently,6_cls_sci
put,6_cls_sci
atomic,6_cls_sci
healing,6_cls_sci
lighting,6_cls_sci
division,6_cls_sci
fix,6_cls_sci
energy,6_cls_sci
phosphorus,6_cls_sci
suffer,6_cls_sci
purification,6_cls_sci
go,6_cls_sci
stimulus,6_cls_sci
king,6_cls_sci
bending,6_cls_sci
tae,6_cls_sci
fitted,6_cls_sci
deep,6_cls_sci
experiment,6_cls_sci
case,6_cls_sci
thick,6_cls_sci
water,6_cls_sci
tie,6_cls_sci
specimen,6_cls_sci
respiratory,6_cls_sci
several,6_cls_sci
undesirable,6_cls_sci
constituent,6_cls_sci
apple,6_cls_sci
ora,6_cls_sci
complete,6_cls_sci
muscle,6_cls_sci
balanced,6_cls_sci
follow,6_cls_sci
hip,6_cls_sci
now,6_cls_sci
chalk,6_cls_sci
seen,6_cls_sci
tabulate,6_cls_sci
vibrate,6_cls_sci
absorb,6_cls_sci
screw,6_cls_sci
from,6_cls_sci
removed,6_cls_sci
erratic,6_cls_sci
milk,6_cls_sci
garden,6_cls_sci
grasshopper,6_cls_sci
cut,6_cls_sci
tap,6_cls_sci
cruelty,6_cls_sci
book,6_cls_sci
press,6_cls_sci
different,6_cls_sci
harder,6_cls_sci
moderate,6_cls_sci
bristlecone,6_cls_sci
unsure,6_cls_sci
football,6_cls_sci
gloriosa,6_cls_sci
madras,6_cls_sci
rod,6_cls_sci
hard,6_cls_sci
around,6_cls_sci
season,6_cls_sci
burnt,6_cls_sci
vitamin,6_cls_sci
squeeze,6_cls_sci
b,6_cls_sci
tapeworm,6_cls_sci
down,6_cls_sci
make,6_cls_sci
lower,6_cls_sci
anaemia,6_cls_sci
desirable,6_cls_sci
mosquito,6_cls_sci
small,6_cls_sci
body,6_cls_sci
are,6_cls_sci
original,6_cls_sci
nineteenth,6_cls_sci
calcium,6_cls_sci
straight,6_cls_sci
saturated,6_cls_sci
follow,6_cls_sci
calcium,6_cls_sci
higher,6_cls_sci
much,6_cls_sci
greatly,6_cls_sci
century,6_cls_sci
respire,6_cls_sci
they,6_cls_sci
his,6_cls_sci
outer,6_cls_sci
jagged,6_cls_sci
study,6_cls_sci
help,6_cls_sci
tilt,6_cls_sci
irreversible,6_cls_sci
such,6_cls_sci
polythene,6_cls_sci
heal,6_cls_sci
maize,6_cls_sci
hardly,6_cls_sci
great,6_cls_sci
each,6_cls_sci
living,6_cls_sci
n,6_cls_sci
mist,6_cls_sci
step,6_cls_sci
universal,6_cls_sci
australia,6_cls_sci
eagle,6_cls_sci
easy,6_cls_sci
radio,6_cls_sci
part,6_cls_sci
no,6_cls_sci
ae,6_cls_sci
given,6_cls_sci
absorb,6_cls_sci
slogan,6_cls_sci
sediment,6_cls_sci
eliminate,6_cls_sci
making,6_cls_sci
well,6_cls_sci
expanding,6_cls_sci
sufficient,6_cls_sci
pound,6_cls_sci
attractive,6_cls_sci
can,6_cls_sci
based,6_cls_sci
tied,6_cls_sci
yesterday,6_cls_sci
juice,6_cls_sci
based,6_cls_sci
given,6_cls_sci
swollen,6_cls_sci
important,6_cls_sci
sprinkling,6_cls_sci
divide,6_cls_sci
pinch,6_cls_sci
anything,6_cls_sci
an,6_cls_sci
calf,6_cls_sci
on,6_cls_sci
sweat,6_cls_sci
town,6_cls_sci
firmly,6_cls_sci
ask,6_cls_sci
cell,6_cls_sci
clip,6_cls_sci
struggle,6_cls_sci
free,6_cls_sci
oe,6_cls_sci
living,6_cls_sci
lesser,6_cls_sci
real,6_cls_sci
detergent,6_cls_sci
sand,6_cls_sci
spongy,6_cls_sci
movement,6_cls_sci
nearly,6_cls_sci
bottle,6_cls_sci
rheumatoid,6_cls_sci
steel,6_cls_sci
suddenly,6_cls_sci
j,6_cls_sci
bag,6_cls_sci
snail,6_cls_sci
clothing,6_cls_sci
loom,6_cls_sci
wool,6_cls_sci
we,6_cls_sci
stripped,6_cls_sci
radish,6_cls_sci
will,6_cls_sci
following,6_cls_sci
absolutely,6_cls_sci
hit,6_cls_sci
green,6_cls_sci
iron,6_cls_sci
ill,6_cls_sci
translucent,6_cls_sci
paper,6_cls_sci
into,6_cls_sci
learner,6_cls_sci
classified,6_cls_sci
use,6_cls_sci
engineer,6_cls_sci
half,6_cls_sci
care,6_cls_sci
sink,6_cls_sci
pine,6_cls_sci
heading,6_cls_sci
breaking,6_cls_sci
sulphate,6_cls_sci
that,6_cls_sci
living,6_cls_sci
marbles,6_cls_sci
smoke,6_cls_sci
class,6_cls_sci
towards,6_cls_sci
object,6_cls_sci
ladyfinger,6_cls_sci
centipede,6_cls_sci
cockroach,6_cls_sci
family,6_cls_sci
farming,6_cls_sci
cloth,6_cls_sci
country,6_cls_sci
atmosphere,6_cls_sci
another,6_cls_sci
risk,6_cls_sci
underground,6_cls_sci
damage,6_cls_sci
make,6_cls_sci
stretchy,6_cls_sci
primarily,6_cls_sci
already,6_cls_sci
surroundings,6_cls_sci
worm,6_cls_sci
hip,6_cls_sci
seal,6_cls_sci
ankle,6_cls_sci
hand,6_cls_sci
will,6_cls_sci
interactive,6_cls_sci
construct,6_cls_sci
naturally,6_cls_sci
leading,6_cls_sci
red,6_cls_sci
statement,6_cls_sci
yarn,6_cls_sci
discussion,6_cls_sci
silkworm,6_cls_sci
special,6_cls_sci
copper,6_cls_sci
land,6_cls_sci
evaporate,6_cls_sci
john,6_cls_sci
change,6_cls_sci
growing,6_cls_sci
becomes,6_cls_sci
nylon,6_cls_sci
silicone,6_cls_sci
why,6_cls_sci
minister,6_cls_sci
cauliflower,6_cls_sci
network,6_cls_sci
crude,6_cls_sci
wool,6_cls_sci
write,6_cls_sci
fan,6_cls_sci
besides,6_cls_sci
burning,6_cls_sci
geotropism,6_cls_sci
testing,6_cls_sci
relatively,6_cls_sci
shearing,6_cls_sci
mirror,6_cls_sci
chaff,6_cls_sci
went,6_cls_sci
touching,6_cls_sci
along,6_cls_sci
hole,6_cls_sci
suspended,6_cls_sci
deficiency,6_cls_sci
anchor,6_cls_sci
wearing,6_cls_sci
hydrogen,6_cls_sci
ocean,6_cls_sci
powerful,6_cls_sci
push,6_cls_sci
tall,6_cls_sci
concept,6_cls_sci
beetle,6_cls_sci
at,6_cls_sci
hockey,6_cls_sci
right,6_cls_sci
distilled,6_cls_sci
brick,6_cls_sci
covered,6_cls_sci
steam,6_cls_sci
lesson,6_cls_sci
roughage,6_cls_sci
top,6_cls_sci
force,6_cls_sci
does,6_cls_sci
grouped,6_cls_sci
insufficient,6_cls_sci
filament,6_cls_sci
ourselves,6_cls_sci
mats,6_cls_sci
killing,6_cls_sci
when,6_cls_sci
cotton,6_cls_sci
equal,6_cls_sci
several,6_cls_sci
highlight,6_cls_sci
hydrogen,6_cls_sci
india,6_cls_sci
vigorously,6_cls_sci
gravity,6_cls_sci
because,6_cls_sci
re,6_cls_sci
colour,6_cls_sci
hone,6_cls_sci
vertebra,6_cls_sci
present,6_cls_sci
glucose,6_cls_sci
examine,6_cls_sci
be,6_cls_sci
do,6_cls_sci
coin,6_cls_sci
expect,6_cls_sci
rotate,6_cls_sci
sideways,6_cls_sci
cholesterol,6_cls_sci
surface,6_cls_sci
obesity,6_cls_sci
usually,6_cls_sci
fixed,6_cls_sci
the,6_cls_sci
soda,6_cls_sci
slice,6_cls_sci
covering,6_cls_sci
comes,6_cls_sci
powder,6_cls_sci
plate,6_cls_sci
former,6_cls_sci
m,6_cls_sci
us,6_cls_sci
outside,6_cls_sci
ceramic,6_cls_sci
block,6_cls_sci
solvent,6_cls_sci
tank,6_cls_sci
indivisible,6_cls_sci
how,6_cls_sci
pure,6_cls_sci
person,6_cls_sci
suitable,6_cls_sci
cold,6_cls_sci
wooden,6_cls_sci
usually,6_cls_sci
city,6_cls_sci
unfair,6_cls_sci
guess,6_cls_sci
necessary,6_cls_sci
either,6_cls_sci
cocoon,6_cls_sci
lunch,6_cls_sci
matchstick,6_cls_sci
into,6_cls_sci
strainer,6_cls_sci
deficient,6_cls_sci
burning,6_cls_sci
heating,6_cls_sci
depend,6_cls_sci
starch,6_cls_sci
disturbing,6_cls_sci
support,6_cls_sci
place,6_cls_sci
scrape,6_cls_sci
pale,6_cls_sci
be,6_cls_sci
dense,6_cls_sci
muscle,6_cls_sci
assam,6_cls_sci
spoilage,6_cls_sci
classification,6_cls_sci
pen,6_cls_sci
capillary,6_cls_sci
unrusted,6_cls_sci
spinneret,6_cls_sci
popularity,6_cls_sci
hatch,6_cls_sci
which,6_cls_sci
it,6_cls_sci
study,6_cls_sci
take,6_cls_sci
an,6_cls_sci
early,6_cls_sci
aa,6_cls_sci
flat,6_cls_sci
message,6_cls_sci
locomotion,6_cls_sci
stainless,6_cls_sci
world,6_cls_sci
sticks,6_cls_sci
wrong,6_cls_sci
fix,6_cls_sci
gauge,6_cls_sci
unsuitable,6_cls_sci
cloth,6_cls_sci
contract,6_cls_sci
tea,6_cls_sci
little,6_cls_sci
lemon,6_cls_sci
cover,6_cls_sci
run,6_cls_sci
potato,6_cls_sci
aluminium,6_cls_sci
butter,6_cls_sci
ready,6_cls_sci
