word,word_type
about,Sight Words
after,Sight Words
all,Sight Words
am,Sight Words
an,Sight Words
and,Sight Words
are,Sight Words
as,Sight Words
at,Sight Words
be,Sight Words
been,Sight Words
but,Sight Words
by,Sight Words
called,Sight Words
can,Sight Words
could,Sight Words
did,Sight Words
do,Sight Words
down,Sight Words
each,Sight Words
find,Sight Words
first,Sight Words
for,Sight Words
from,Sight Words
go,Sight Words
had,Sight Words
has,Sight Words
have,Sight Words
he,Sight Words
her,Sight Words
him,Sight Words
his,Sight Words
how,Sight Words
I,Sight Words
if,Sight Words
in,Sight Words
into,Sight Words
is,Sight Words
it,Sight Words
its,Sight Words
just,Sight Words
know,Sight Words
like,Sight Words
little,Sight Words
long,Sight Words
made,Sight Words
make,Sight Words
many,Sight Words
may,Sight Words
me,Sight Words
more,Sight Words
most,Sight Words
my,Sight Words
no,Sight Words
not,Sight Words
now,Sight Words
of,Sight Words
on,Sight Words
one,Sight Words
only,Sight Words
or,Sight Words
other,Sight Words
out,Sight Words
over,Sight Words
people,Sight Words
said,Sight Words
see,Sight Words
she,Sight Words
so,Sight Words
some,Sight Words
than,Sight Words
that,Sight Words
the,Sight Words
their,Sight Words
them,Sight Words
then,Sight Words
there,Sight Words
these,Sight Words
they,Sight Words
this,Sight Words
time,Sight Words
to,Sight Words
two,Sight Words
up,Sight Words
us,Sight Words
use,Sight Words
very,Sight Words
was,Sight Words
water,Sight Words
way,Sight Words
we,Sight Words
were,Sight Words
what,Sight Words
when,Sight Words
where,Sight Words
which,Sight Words
who,Sight Words
will,Sight Words
with,Sight Words
words,Sight Words
would,Sight Words
you,Sight Words
your,Sight Words
cat,Rhyming Words
bat,Rhyming Words
a,Sight Words
able,1k_most_used
above,1k_most_used
act,1k_most_used
add,1k_most_used
afraid,1k_most_used
again,1k_most_used
against,1k_most_used
age,1k_most_used
ago,1k_most_used
agree,1k_most_used
air,1k_most_used
allow,1k_most_used
also,1k_most_used
always,1k_most_used
among,1k_most_used
anger,1k_most_used
animal,1k_most_used
answer,1k_most_used
any,1k_most_used
appear,1k_most_used
apple,1k_most_used
area,1k_most_used
arm,1k_most_used
arrange,1k_most_used
arrive,1k_most_used
art,1k_most_used
ask,1k_most_used
atom,1k_most_used
baby,1k_most_used
back,1k_most_used
bad,1k_most_used
ball,1k_most_used
band,1k_most_used
bank,1k_most_used
bar,1k_most_used
base,1k_most_used
basic,1k_most_used
bear,1k_most_used
beat,1k_most_used
beauty,1k_most_used
bed,1k_most_used
before,1k_most_used
began,1k_most_used
begin,1k_most_used
behind,1k_most_used
believe,1k_most_used
bell,1k_most_used
best,1k_most_used
better,1k_most_used
between,1k_most_used
big,1k_most_used
bird,1k_most_used
bit,1k_most_used
black,1k_most_used
block,1k_most_used
blood,1k_most_used
blow,1k_most_used
blue,1k_most_used
board,1k_most_used
boat,1k_most_used
body,1k_most_used
bone,1k_most_used
book,1k_most_used
born,1k_most_used
both,1k_most_used
bottom,1k_most_used
bought,1k_most_used
box,1k_most_used
boy,1k_most_used
branch,1k_most_used
bread,1k_most_used
break,1k_most_used
bright,1k_most_used
bring,1k_most_used
broad,1k_most_used
broke,1k_most_used
brother,1k_most_used
brought,1k_most_used
brown,1k_most_used
build,1k_most_used
burn,1k_most_used
busy,1k_most_used
buy,1k_most_used
call,1k_most_used
came,1k_most_used
camp,1k_most_used
capital,1k_most_used
captain,1k_most_used
car,1k_most_used
card,1k_most_used
care,1k_most_used
carry,1k_most_used
case,1k_most_used
catch,1k_most_used
caught,1k_most_used
cause,1k_most_used
cell,1k_most_used
cent,1k_most_used
center,1k_most_used
century,1k_most_used
certain,1k_most_used
chair,1k_most_used
chance,1k_most_used
change,1k_most_used
character,1k_most_used
charge,1k_most_used
chart,1k_most_used
check,1k_most_used
chick,1k_most_used
chief,1k_most_used
child,1k_most_used
children,1k_most_used
choose,1k_most_used
chord,1k_most_used
circle,1k_most_used
city,1k_most_used
claim,1k_most_used
class,1k_most_used
clean,1k_most_used
clear,1k_most_used
climb,1k_most_used
clock,1k_most_used
close,1k_most_used
clothe,1k_most_used
cloud,1k_most_used
coast,1k_most_used
coat,1k_most_used
cold,1k_most_used
collect,1k_most_used
colony,1k_most_used
color,1k_most_used
column,1k_most_used
come,1k_most_used
common,1k_most_used
company,1k_most_used
compare,1k_most_used
complete,1k_most_used
condition,1k_most_used
connect,1k_most_used
consider,1k_most_used
consonant,1k_most_used
contain,1k_most_used
continent,1k_most_used
continue,1k_most_used
control,1k_most_used
cook,1k_most_used
cool,1k_most_used
copy,1k_most_used
corn,1k_most_used
corner,1k_most_used
correct,1k_most_used
cost,1k_most_used
cotton,1k_most_used
count,1k_most_used
country,1k_most_used
course,1k_most_used
cover,1k_most_used
cow,1k_most_used
crease,1k_most_used
create,1k_most_used
crop,1k_most_used
cross,1k_most_used
crowd,1k_most_used
cry,1k_most_used
current,1k_most_used
cut,1k_most_used
dad,1k_most_used
dance,1k_most_used
danger,1k_most_used
dark,1k_most_used
day,1k_most_used
dead,1k_most_used
deal,1k_most_used
dear,1k_most_used
death,1k_most_used
decide,1k_most_used
decimal,1k_most_used
deep,1k_most_used
degree,1k_most_used
depend,1k_most_used
describe,1k_most_used
desert,1k_most_used
design,1k_most_used
determine,1k_most_used
develop,1k_most_used
dictionary,1k_most_used
die,1k_most_used
differ,1k_most_used
difficult,1k_most_used
direct,1k_most_used
discuss,1k_most_used
distant,1k_most_used
divide,1k_most_used
division,1k_most_used
doctor,1k_most_used
does,1k_most_used
dog,1k_most_used
dollar,1k_most_used
done,1k_most_used
don't,1k_most_used
door,1k_most_used
double,1k_most_used
draw,1k_most_used
dream,1k_most_used
dress,1k_most_used
drink,1k_most_used
drive,1k_most_used
drop,1k_most_used
dry,1k_most_used
duck,1k_most_used
during,1k_most_used
ear,1k_most_used
early,1k_most_used
earth,1k_most_used
ease,1k_most_used
east,1k_most_used
eat,1k_most_used
edge,1k_most_used
effect,1k_most_used
egg,1k_most_used
eight,1k_most_used
either,1k_most_used
electric,1k_most_used
element,1k_most_used
else,1k_most_used
end,1k_most_used
enemy,1k_most_used
energy,1k_most_used
engine,1k_most_used
enough,1k_most_used
enter,1k_most_used
equal,1k_most_used
equate,1k_most_used
especially,1k_most_used
even,1k_most_used
evening,1k_most_used
event,1k_most_used
ever,1k_most_used
every,1k_most_used
exact,1k_most_used
example,1k_most_used
except,1k_most_used
excite,1k_most_used
exercise,1k_most_used
expect,1k_most_used
experience,1k_most_used
experiment,1k_most_used
eye,1k_most_used
face,1k_most_used
fact,1k_most_used
fair,1k_most_used
fall,1k_most_used
family,1k_most_used
famous,1k_most_used
far,1k_most_used
farm,1k_most_used
fast,1k_most_used
fat,1k_most_used
father,1k_most_used
favor,1k_most_used
fear,1k_most_used
feed,1k_most_used
feel,1k_most_used
feet,1k_most_used
fell,1k_most_used
felt,1k_most_used
few,1k_most_used
field,1k_most_used
fig,1k_most_used
fight,1k_most_used
figure,1k_most_used
fill,1k_most_used
final,1k_most_used
fine,1k_most_used
finger,1k_most_used
finish,1k_most_used
fire,1k_most_used
fish,1k_most_used
fit,1k_most_used
five,1k_most_used
flat,1k_most_used
floor,1k_most_used
flow,1k_most_used
flower,1k_most_used
fly,1k_most_used
follow,1k_most_used
food,1k_most_used
foot,1k_most_used
force,1k_most_used
forest,1k_most_used
form,1k_most_used
forward,1k_most_used
found,1k_most_used
four,1k_most_used
fraction,1k_most_used
free,1k_most_used
fresh,1k_most_used
friend,1k_most_used
front,1k_most_used
fruit,1k_most_used
full,1k_most_used
fun,1k_most_used
game,1k_most_used
garden,1k_most_used
gas,1k_most_used
gather,1k_most_used
gave,1k_most_used
general,1k_most_used
gentle,1k_most_used
get,1k_most_used
girl,1k_most_used
give,1k_most_used
glad,1k_most_used
glass,1k_most_used
gold,1k_most_used
gone,1k_most_used
good,1k_most_used
got,1k_most_used
govern,1k_most_used
grand,1k_most_used
grass,1k_most_used
gray,1k_most_used
great,1k_most_used
green,1k_most_used
grew,1k_most_used
ground,1k_most_used
group,1k_most_used
grow,1k_most_used
guess,1k_most_used
guide,1k_most_used
gun,1k_most_used
hair,1k_most_used
half,1k_most_used
hand,1k_most_used
happen,1k_most_used
happy,1k_most_used
hard,1k_most_used
hat,1k_most_used
head,1k_most_used
hear,1k_most_used
heard,1k_most_used
heart,1k_most_used
heat,1k_most_used
heavy,1k_most_used
held,1k_most_used
help,1k_most_used
here,1k_most_used
high,1k_most_used
hill,1k_most_used
history,1k_most_used
hit,1k_most_used
hold,1k_most_used
hole,1k_most_used
home,1k_most_used
hope,1k_most_used
horse,1k_most_used
hot,1k_most_used
hour,1k_most_used
house,1k_most_used
huge,1k_most_used
human,1k_most_used
hundred,1k_most_used
hunt,1k_most_used
hurry,1k_most_used
ice,1k_most_used
idea,1k_most_used
imagine,1k_most_used
inch,1k_most_used
include,1k_most_used
indicate,1k_most_used
industry,1k_most_used
insect,1k_most_used
instant,1k_most_used
instrument,1k_most_used
interest,1k_most_used
invent,1k_most_used
iron,1k_most_used
island,1k_most_used
job,1k_most_used
join,1k_most_used
joy,1k_most_used
jump,1k_most_used
keep,1k_most_used
kept,1k_most_used
key,1k_most_used
kill,1k_most_used
kind,1k_most_used
king,1k_most_used
knew,1k_most_used
lady,1k_most_used
lake,1k_most_used
land,1k_most_used
language,1k_most_used
large,1k_most_used
last,1k_most_used
late,1k_most_used
laugh,1k_most_used
law,1k_most_used
lay,1k_most_used
lead,1k_most_used
learn,1k_most_used
least,1k_most_used
leave,1k_most_used
led,1k_most_used
left,1k_most_used
leg,1k_most_used
length,1k_most_used
less,1k_most_used
let,1k_most_used
letter,1k_most_used
level,1k_most_used
lie,1k_most_used
life,1k_most_used
lift,1k_most_used
light,1k_most_used
line,1k_most_used
liquid,1k_most_used
list,1k_most_used
listen,1k_most_used
live,1k_most_used
locate,1k_most_used
log,1k_most_used
lone,1k_most_used
look,1k_most_used
lost,1k_most_used
lot,1k_most_used
loud,1k_most_used
love,1k_most_used
low,1k_most_used
machine,1k_most_used
magnet,1k_most_used
main,1k_most_used
major,1k_most_used
man,1k_most_used
map,1k_most_used
mark,1k_most_used
market,1k_most_used
mass,1k_most_used
master,1k_most_used
match,1k_most_used
material,1k_most_used
matter,1k_most_used
mean,1k_most_used
meant,1k_most_used
measure,1k_most_used
meat,1k_most_used
meet,1k_most_used
melody,1k_most_used
men,1k_most_used
metal,1k_most_used
method,1k_most_used
middle,1k_most_used
might,1k_most_used
mile,1k_most_used
milk,1k_most_used
million,1k_most_used
mind,1k_most_used
mine,1k_most_used
minute,1k_most_used
miss,1k_most_used
mix,1k_most_used
modern,1k_most_used
molecule,1k_most_used
moment,1k_most_used
money,1k_most_used
month,1k_most_used
moon,1k_most_used
morning,1k_most_used
mother,1k_most_used
motion,1k_most_used
mount,1k_most_used
mountain,1k_most_used
mouth,1k_most_used
move,1k_most_used
much,1k_most_used
multiply,1k_most_used
music,1k_most_used
must,1k_most_used
name,1k_most_used
nation,1k_most_used
natural,1k_most_used
nature,1k_most_used
near,1k_most_used
necessary,1k_most_used
neck,1k_most_used
need,1k_most_used
neighbor,1k_most_used
never,1k_most_used
new,1k_most_used
next,1k_most_used
night,1k_most_used
nine,1k_most_used
noise,1k_most_used
noon,1k_most_used
nor,1k_most_used
north,1k_most_used
nose,1k_most_used
note,1k_most_used
nothing,1k_most_used
notice,1k_most_used
noun,1k_most_used
number,1k_most_used
numeral,1k_most_used
object,1k_most_used
observe,1k_most_used
occur,1k_most_used
ocean,1k_most_used
off,1k_most_used
offer,1k_most_used
office,1k_most_used
often,1k_most_used
oh,1k_most_used
oil,1k_most_used
old,1k_most_used
once,1k_most_used
open,1k_most_used
operate,1k_most_used
opposite,1k_most_used
order,1k_most_used
organ,1k_most_used
original,1k_most_used
our,1k_most_used
own,1k_most_used
oxygen,1k_most_used
page,1k_most_used
paint,1k_most_used
pair,1k_most_used
paper,1k_most_used
paragraph,1k_most_used
parent,1k_most_used
part,1k_most_used
particular,1k_most_used
party,1k_most_used
pass,1k_most_used
past,1k_most_used
path,1k_most_used
pattern,1k_most_used
pay,1k_most_used
perhaps,1k_most_used
period,1k_most_used
person,1k_most_used
phrase,1k_most_used
pick,1k_most_used
picture,1k_most_used
piece,1k_most_used
pitch,1k_most_used
place,1k_most_used
plain,1k_most_used
plan,1k_most_used
plane,1k_most_used
planet,1k_most_used
plant,1k_most_used
play,1k_most_used
please,1k_most_used
plural,1k_most_used
poem,1k_most_used
point,1k_most_used
poor,1k_most_used
populate,1k_most_used
port,1k_most_used
pose,1k_most_used
position,1k_most_used
possible,1k_most_used
post,1k_most_used
pound,1k_most_used
power,1k_most_used
practice,1k_most_used
prepare,1k_most_used
present,1k_most_used
press,1k_most_used
pretty,1k_most_used
print,1k_most_used
probable,1k_most_used
problem,1k_most_used
process,1k_most_used
produce,1k_most_used
product,1k_most_used
proper,1k_most_used
property,1k_most_used
protect,1k_most_used
prove,1k_most_used
provide,1k_most_used
pull,1k_most_used
push,1k_most_used
put,1k_most_used
quart,1k_most_used
question,1k_most_used
quick,1k_most_used
quiet,1k_most_used
quite,1k_most_used
quotient,1k_most_used
race,1k_most_used
radio,1k_most_used
rail,1k_most_used
rain,1k_most_used
raise,1k_most_used
ran,1k_most_used
range,1k_most_used
rather,1k_most_used
reach,1k_most_used
read,1k_most_used
ready,1k_most_used
real,1k_most_used
reason,1k_most_used
receive,1k_most_used
record,1k_most_used
red,1k_most_used
region,1k_most_used
remember,1k_most_used
repeat,1k_most_used
reply,1k_most_used
represent,1k_most_used
require,1k_most_used
rest,1k_most_used
result,1k_most_used
rich,1k_most_used
ride,1k_most_used
right,1k_most_used
ring,1k_most_used
rise,1k_most_used
river,1k_most_used
road,1k_most_used
rock,1k_most_used
roll,1k_most_used
room,1k_most_used
root,1k_most_used
rope,1k_most_used
rose,1k_most_used
round,1k_most_used
row,1k_most_used
rub,1k_most_used
rule,1k_most_used
run,1k_most_used
safe,1k_most_used
sail,1k_most_used
salt,1k_most_used
same,1k_most_used
sand,1k_most_used
sat,1k_most_used
save,1k_most_used
saw,1k_most_used
say,1k_most_used
scale,1k_most_used
school,1k_most_used
science,1k_most_used
score,1k_most_used
sea,1k_most_used
search,1k_most_used
season,1k_most_used
seat,1k_most_used
second,1k_most_used
section,1k_most_used
seed,1k_most_used
seem,1k_most_used
segment,1k_most_used
select,1k_most_used
self,1k_most_used
sell,1k_most_used
send,1k_most_used
sense,1k_most_used
sent,1k_most_used
sentence,1k_most_used
separate,1k_most_used
serve,1k_most_used
set,1k_most_used
settle,1k_most_used
seven,1k_most_used
several,1k_most_used
shall,1k_most_used
shape,1k_most_used
share,1k_most_used
sharp,1k_most_used
sheet,1k_most_used
shell,1k_most_used
shine,1k_most_used
ship,1k_most_used
shoe,1k_most_used
shop,1k_most_used
shore,1k_most_used
short,1k_most_used
should,1k_most_used
shoulder,1k_most_used
shout,1k_most_used
show,1k_most_used
side,1k_most_used
sight,1k_most_used
sign,1k_most_used
silent,1k_most_used
silver,1k_most_used
similar,1k_most_used
simple,1k_most_used
since,1k_most_used
sing,1k_most_used
single,1k_most_used
sister,1k_most_used
sit,1k_most_used
six,1k_most_used
size,1k_most_used
skill,1k_most_used
skin,1k_most_used
sky,1k_most_used
slave,1k_most_used
sleep,1k_most_used
slip,1k_most_used
slow,1k_most_used
small,1k_most_used
smell,1k_most_used
smile,1k_most_used
snow,1k_most_used
soft,1k_most_used
soil,1k_most_used
soldier,1k_most_used
solution,1k_most_used
solve,1k_most_used
son,1k_most_used
song,1k_most_used
soon,1k_most_used
sound,1k_most_used
south,1k_most_used
space,1k_most_used
speak,1k_most_used
special,1k_most_used
speech,1k_most_used
speed,1k_most_used
spell,1k_most_used
spend,1k_most_used
spoke,1k_most_used
spot,1k_most_used
spread,1k_most_used
spring,1k_most_used
square,1k_most_used
stand,1k_most_used
star,1k_most_used
start,1k_most_used
state,1k_most_used
station,1k_most_used
stay,1k_most_used
stead,1k_most_used
steam,1k_most_used
steel,1k_most_used
step,1k_most_used
stick,1k_most_used
still,1k_most_used
stone,1k_most_used
stood,1k_most_used
stop,1k_most_used
store,1k_most_used
story,1k_most_used
straight,1k_most_used
strange,1k_most_used
stream,1k_most_used
street,1k_most_used
stretch,1k_most_used
string,1k_most_used
strong,1k_most_used
student,1k_most_used
study,1k_most_used
subject,1k_most_used
substance,1k_most_used
subtract,1k_most_used
success,1k_most_used
such,1k_most_used
sudden,1k_most_used
suffix,1k_most_used
sugar,1k_most_used
suggest,1k_most_used
suit,1k_most_used
summer,1k_most_used
sun,1k_most_used
supply,1k_most_used
support,1k_most_used
sure,1k_most_used
surface,1k_most_used
surprise,1k_most_used
swim,1k_most_used
syllable,1k_most_used
symbol,1k_most_used
system,1k_most_used
table,1k_most_used
tail,1k_most_used
take,1k_most_used
talk,1k_most_used
tall,1k_most_used
teach,1k_most_used
team,1k_most_used
teeth,1k_most_used
tell,1k_most_used
temperature,1k_most_used
ten,1k_most_used
term,1k_most_used
test,1k_most_used
thank,1k_most_used
thick,1k_most_used
thin,1k_most_used
thing,1k_most_used
think,1k_most_used
third,1k_most_used
those,1k_most_used
though,1k_most_used
thought,1k_most_used
thousand,1k_most_used
three,1k_most_used
through,1k_most_used
throw,1k_most_used
thus,1k_most_used
tie,1k_most_used
tiny,1k_most_used
tire,1k_most_used
together,1k_most_used
told,1k_most_used
tone,1k_most_used
too,1k_most_used
took,1k_most_used
tool,1k_most_used
top,1k_most_used
total,1k_most_used
touch,1k_most_used
toward,1k_most_used
town,1k_most_used
track,1k_most_used
trade,1k_most_used
train,1k_most_used
travel,1k_most_used
tree,1k_most_used
triangle,1k_most_used
trip,1k_most_used
trouble,1k_most_used
truck,1k_most_used
try,1k_most_used
tube,1k_most_used
turn,1k_most_used
twenty,1k_most_used
type,1k_most_used
under,1k_most_used
unit,1k_most_used
until,1k_most_used
usual,1k_most_used
valley,1k_most_used
value,1k_most_used
vary,1k_most_used
verb,1k_most_used
view,1k_most_used
village,1k_most_used
visit,1k_most_used
voice,1k_most_used
vowel,1k_most_used
wait,1k_most_used
walk,1k_most_used
wall,1k_most_used
want,1k_most_used
war,1k_most_used
warm,1k_most_used
wash,1k_most_used
watch,1k_most_used
wave,1k_most_used
wear,1k_most_used
weather,1k_most_used
week,1k_most_used
weight,1k_most_used
well,1k_most_used
went,1k_most_used
west,1k_most_used
wheel,1k_most_used
whether,1k_most_used
while,1k_most_used
white,1k_most_used
whole,1k_most_used
whose,1k_most_used
why,1k_most_used
wide,1k_most_used
wife,1k_most_used
wild,1k_most_used
win,1k_most_used
wind,1k_most_used
window,1k_most_used
wing,1k_most_used
winter,1k_most_used
wire,1k_most_used
wish,1k_most_used
woman,1k_most_used
women,1k_most_used
wonder,1k_most_used
won't,1k_most_used
wood,1k_most_used
work,1k_most_used
world,1k_most_used
write,1k_most_used
written,1k_most_used
wrong,1k_most_used
wrote,1k_most_used
yard,1k_most_used
year,1k_most_used
yellow,1k_most_used
yes,1k_most_used
yet,1k_most_used
young,1k_most_used
organization,6_science_sem1
poisonous,6_science_sem1
bow,6_science_sem1
cord,6_science_sem1
tool,6_science_sem1
pelvic,6_science_sem1
lens,6_science_sem1
durable,6_science_sem1
gas,6_science_sem1
indirectly,6_science_sem1
digital,6_science_sem1
these,6_science_sem1
nylon,6_science_sem1
group,6_science_sem1
cruel,6_science_sem1
ma,6_science_sem1
mango,6_science_sem1
population,6_science_sem1
heart,6_science_sem1
metal,6_science_sem1
frog,6_science_sem1
talk,6_science_sem1
circulatory,6_science_sem1
groundnut,6_science_sem1
pollination,6_science_sem1
able,6_science_sem1
arrange,6_science_sem1
bud,6_science_sem1
stem,6_science_sem1
avoid,6_science_sem1
intake,6_science_sem1
germination,6_science_sem1
fuse,6_science_sem1
party,6_science_sem1
our,6_science_sem1
gliding,6_science_sem1
carbohydrate,6_science_sem1
she,6_science_sem1
measurement,6_science_sem1
state,6_science_sem1
prepare,6_science_sem1
holding,6_science_sem1
before,6_science_sem1
breast,6_science_sem1
pair,6_science_sem1
your,6_science_sem1
to,6_science_sem1
dark,6_science_sem1
design,6_science_sem1
re,6_science_sem1
hand,6_science_sem1
fire,6_science_sem1
condenser,6_science_sem1
response,6_science_sem1
folded,6_science_sem1
gaining,6_science_sem1
bent,6_science_sem1
relationship,6_science_sem1
outermost,6_science_sem1
sedimentation,6_science_sem1
protection,6_science_sem1
activation,6_science_sem1
measuring,6_science_sem1
a,6_science_sem1
doctor,6_science_sem1
forced,6_science_sem1
used,6_science_sem1
exchange,6_science_sem1
se,6_science_sem1
paper,6_science_sem1
portion,6_science_sem1
midrib,6_science_sem1
encourage,6_science_sem1
interdependence,6_science_sem1
nursing,6_science_sem1
structural,6_science_sem1
maintain,6_science_sem1
smaller,6_science_sem1
grouping,6_science_sem1
b,6_science_sem1
on,6_science_sem1
fascinating,6_science_sem1
way,6_science_sem1
weaving,6_science_sem1
manufacture,6_science_sem1
remains,6_science_sem1
millions,6_science_sem1
maw,6_science_sem1
or,6_science_sem1
rim,6_science_sem1
warm,6_science_sem1
solubility,6_science_sem1
flower,6_science_sem1
nana,6_science_sem1
substance,6_science_sem1
rickets,6_science_sem1
obtain,6_science_sem1
cleaning,6_science_sem1
may,6_science_sem1
method,6_science_sem1
silky,6_science_sem1
unpleasant,6_science_sem1
an,6_science_sem1
muddy,6_science_sem1
stare,6_science_sem1
peeling,6_science_sem1
chemical,6_science_sem1
filter,6_science_sem1
severely,6_science_sem1
which,6_science_sem1
undesirable,6_science_sem1
soaked,6_science_sem1
winnowing,6_science_sem1
blinking,6_science_sem1
day,6_science_sem1
scent,6_science_sem1
rid,6_science_sem1
give,6_science_sem1
march,6_science_sem1
breaking,6_science_sem1
life,6_science_sem1
themselves,6_science_sem1
dissolving,6_science_sem1
very,6_science_sem1
cabbage,6_science_sem1
leaves,6_science_sem1
heterogeneous,6_science_sem1
seedling,6_science_sem1
nutritious,6_science_sem1
flask,6_science_sem1
respond,6_science_sem1
strong,6_science_sem1
needs,6_science_sem1
pea,6_science_sem1
th,6_science_sem1
movable,6_science_sem1
stigma,6_science_sem1
thumb,6_science_sem1
rounder,6_science_sem1
digested,6_science_sem1
bulb,6_science_sem1
droop,6_science_sem1
tibia,6_science_sem1
considered,6_science_sem1
everyday,6_science_sem1
expand,6_science_sem1
now,6_science_sem1
chloride,6_science_sem1
meant,6_science_sem1
eating,6_science_sem1
emulsion,6_science_sem1
not,6_science_sem1
soe,6_science_sem1
whose,6_science_sem1
lotus,6_science_sem1
stage,6_science_sem1
you,6_science_sem1
role,6_science_sem1
nectar,6_science_sem1
h,6_science_sem1
blade,6_science_sem1
decantation,6_science_sem1
sand,6_science_sem1
although,6_science_sem1
sensitive,6_science_sem1
temporary,6_science_sem1
blind,6_science_sem1
sulphide,6_science_sem1
serious,6_science_sem1
recycle,6_science_sem1
alternation,6_science_sem1
next,6_science_sem1
maximum,6_science_sem1
banana,6_science_sem1
w,6_science_sem1
move,6_science_sem1
sediment,6_science_sem1
pig,6_science_sem1
support,6_science_sem1
carbon,6_science_sem1
space,6_science_sem1
filtration,6_science_sem1
soluble,6_science_sem1
soft,6_science_sem1
robot,6_science_sem1
combination,6_science_sem1
name,6_science_sem1
multicellular,6_science_sem1
identical,6_science_sem1
transport,6_science_sem1
line,6_science_sem1
north,6_science_sem1
glasses,6_science_sem1
coarse,6_science_sem1
dim,6_science_sem1
climate,6_science_sem1
surface,6_science_sem1
loop,6_science_sem1
bad,6_science_sem1
marasmus,6_science_sem1
sugar,6_science_sem1
atomic,6_science_sem1
keeping,6_science_sem1
photochemistry,6_science_sem1
producer,6_science_sem1
meal,6_science_sem1
pouring,6_science_sem1
hatching,6_science_sem1
ball,6_science_sem1
jar,6_science_sem1
second,6_science_sem1
sizes,6_science_sem1
with,6_science_sem1
appearance,6_science_sem1
common,6_science_sem1
skeletal,6_science_sem1
tell,6_science_sem1
surroundings,6_science_sem1
paste,6_science_sem1
have,6_science_sem1
jaw,6_science_sem1
leather,6_science_sem1
sadness,6_science_sem1
lack,6_science_sem1
urea,6_science_sem1
pow,6_science_sem1
house,6_science_sem1
separation,6_science_sem1
perform,6_science_sem1
designing,6_science_sem1
whereas,6_science_sem1
branch,6_science_sem1
pluck,6_science_sem1
textile,6_science_sem1
fresh,6_science_sem1
unused,6_science_sem1
foodstuff,6_science_sem1
skull,6_science_sem1
era,6_science_sem1
think,6_science_sem1
freely,6_science_sem1
chemistry,6_science_sem1
impure,6_science_sem1
is,6_science_sem1
ask,6_science_sem1
dental,6_science_sem1
idea,6_science_sem1
other,6_science_sem1
theory,6_science_sem1
graph,6_science_sem1
add,6_science_sem1
pigment,6_science_sem1
more,6_science_sem1
keep,6_science_sem1
artery,6_science_sem1
turn,6_science_sem1
synthetic,6_science_sem1
destroy,6_science_sem1
construction,6_science_sem1
electricity,6_science_sem1
chalk,6_science_sem1
associated,6_science_sem1
female,6_science_sem1
less,6_science_sem1
mud,6_science_sem1
potassium,6_science_sem1
retaining,6_science_sem1
skeleton,6_science_sem1
deer,6_science_sem1
funnel,6_science_sem1
rate,6_science_sem1
cellulose,6_science_sem1
rather,6_science_sem1
sharpener,6_science_sem1
written,6_science_sem1
point,6_science_sem1
page,6_science_sem1
dip,6_science_sem1
prize,6_science_sem1
occupy,6_science_sem1
adult,6_science_sem1
dead,6_science_sem1
rice,6_science_sem1
vary,6_science_sem1
touched,6_science_sem1
did,6_science_sem1
foot,6_science_sem1
correct,6_science_sem1
raised,6_science_sem1
above,6_science_sem1
mimosa,6_science_sem1
affect,6_science_sem1
hinge,6_science_sem1
draw,6_science_sem1
stimulus,6_science_sem1
cotton,6_science_sem1
power,6_science_sem1
magnetic,6_science_sem1
answer,6_science_sem1
show,6_science_sem1
breastbone,6_science_sem1
socket,6_science_sem1
northern,6_science_sem1
china,6_science_sem1
thick,6_science_sem1
school,6_science_sem1
times,6_science_sem1
the,6_science_sem1
vaseline,6_science_sem1
sweat,6_science_sem1
property,6_science_sem1
retain,6_science_sem1
produced,6_science_sem1
effects,6_science_sem1
them,6_science_sem1
appropriate,6_science_sem1
arrangement,6_science_sem1
washing,6_science_sem1
tapping,6_science_sem1
dal,6_science_sem1
quiz,6_science_sem1
banyan,6_science_sem1
respiration,6_science_sem1
shake,6_science_sem1
whether,6_science_sem1
shirt,6_science_sem1
resistance,6_science_sem1
alike,6_science_sem1
protein,6_science_sem1
explain,6_science_sem1
mix,6_science_sem1
strict,6_science_sem1
computer,6_science_sem1
cage,6_science_sem1
heat,6_science_sem1
coir,6_science_sem1
scientist,6_science_sem1
write,6_science_sem1
current,6_science_sem1
attached,6_science_sem1
light,6_science_sem1
four,6_science_sem1
piece,6_science_sem1
buy,6_science_sem1
fluorine,6_science_sem1
classification,6_science_sem1
size,6_science_sem1
aa,6_science_sem1
paint,6_science_sem1
wrapped,6_science_sem1
list,6_science_sem1
ice,6_science_sem1
suspension,6_science_sem1
variety,6_science_sem1
sat,6_science_sem1
full,6_science_sem1
sari,6_science_sem1
explaining,6_science_sem1
break,6_science_sem1
winter,6_science_sem1
wang,6_science_sem1
make,6_science_sem1
reduce,6_science_sem1
combed,6_science_sem1
sea,6_science_sem1
western,6_science_sem1
all,6_science_sem1
glucose,6_science_sem1
sperm,6_science_sem1
reproduce,6_science_sem1
alum,6_science_sem1
stomata,6_science_sem1
od,6_science_sem1
twisting,6_science_sem1
order,6_science_sem1
south,6_science_sem1
movement,6_science_sem1
southern,6_science_sem1
share,6_science_sem1
rib,6_science_sem1
tube,6_science_sem1
contextual,6_science_sem1
mass,6_science_sem1
repeatedly,6_science_sem1
escape,6_science_sem1
sil,6_science_sem1
vertebrae,6_science_sem1
collect,6_science_sem1
contract,6_science_sem1
habitat,6_science_sem1
elbow,6_science_sem1
shallow,6_science_sem1
pregnant,6_science_sem1
mixture,6_science_sem1
vitamin,6_science_sem1
advise,6_science_sem1
particular,6_science_sem1
january,6_science_sem1
stand,6_science_sem1
what,6_science_sem1
conical,6_science_sem1
energy,6_science_sem1
bee,6_science_sem1
pistil,6_science_sem1
viscous,6_science_sem1
visit,6_science_sem1
trip,6_science_sem1
long,6_science_sem1
previous,6_science_sem1
formed,6_science_sem1
here,6_science_sem1
algae,6_science_sem1
pivot,6_science_sem1
biotic,6_science_sem1
but,6_science_sem1
low,6_science_sem1
supervision,6_science_sem1
both,6_science_sem1
wo,6_science_sem1
sa,6_science_sem1
extra,6_science_sem1
invention,6_science_sem1
matchstick,6_science_sem1
carnivore,6_science_sem1
uncooked,6_science_sem1
home,6_science_sem1
project,6_science_sem1
drill,6_science_sem1
sex,6_science_sem1
fuel,6_science_sem1
burning,6_science_sem1
observe,6_science_sem1
bear,6_science_sem1
muscular,6_science_sem1
box,6_science_sem1
natural,6_science_sem1
believe,6_science_sem1
shortening,6_science_sem1
leave,6_science_sem1
hormone,6_science_sem1
leafy,6_science_sem1
system,6_science_sem1
ate,6_science_sem1
daily,6_science_sem1
parallel,6_science_sem1
solution,6_science_sem1
vital,6_science_sem1
onto,6_science_sem1
ay,6_science_sem1
emerge,6_science_sem1
strength,6_science_sem1
filling,6_science_sem1
they,6_science_sem1
repeated,6_science_sem1
crore,6_science_sem1
bone,6_science_sem1
expose,6_science_sem1
sometimes,6_science_sem1
evaporation,6_science_sem1
stopper,6_science_sem1
making,6_science_sem1
sick,6_science_sem1
serve,6_science_sem1
aquatic,6_science_sem1
urinary,6_science_sem1
click,6_science_sem1
bottom,6_science_sem1
cool,6_science_sem1
indoors,6_science_sem1
chlorine,6_science_sem1
split,6_science_sem1
sal,6_science_sem1
most,6_science_sem1
greater,6_science_sem1
that,6_science_sem1
mash,6_science_sem1
fractional,6_science_sem1
reticulate,6_science_sem1
floating,6_science_sem1
withstand,6_science_sem1
material,6_science_sem1
separating,6_science_sem1
item,6_science_sem1
huge,6_science_sem1
cat,6_science_sem1
rule,6_science_sem1
activity,6_science_sem1
bose,6_science_sem1
happen,6_science_sem1
just,6_science_sem1
himalayan,6_science_sem1
try,6_science_sem1
reproduction,6_science_sem1
honey,6_science_sem1
sodium,6_science_sem1
entirely,6_science_sem1
at,6_science_sem1
river,6_science_sem1
enable,6_science_sem1
growth,6_science_sem1
sandpaper,6_science_sem1
feed,6_science_sem1
sunflower,6_science_sem1
knitting,6_science_sem1
call,6_science_sem1
cartilage,6_science_sem1
shearing,6_science_sem1
high,6_science_sem1
floor,6_science_sem1
received,6_science_sem1
open,6_science_sem1
loading,6_science_sem1
white,6_science_sem1
silk,6_science_sem1
unsaturated,6_science_sem1
homogeneous,6_science_sem1
malate,6_science_sem1
comparison,6_science_sem1
plant,6_science_sem1
if,6_science_sem1
fabric,6_science_sem1
applied,6_science_sem1
photograph,6_science_sem1
girdle,6_science_sem1
functional,6_science_sem1
framework,6_science_sem1
left,6_science_sem1
insoluble,6_science_sem1
taking,6_science_sem1
unit,6_science_sem1
organism,6_science_sem1
backbone,6_science_sem1
tend,6_science_sem1
rod,6_science_sem1
tray,6_science_sem1
tooth,6_science_sem1
salt,6_science_sem1
whole,6_science_sem1
solvent,6_science_sem1
mountain,6_science_sem1
upper,6_science_sem1
thing,6_science_sem1
good,6_science_sem1
soon,6_science_sem1
species,6_science_sem1
butter,6_science_sem1
calcium,6_science_sem1
d,6_science_sem1
strengthening,6_science_sem1
fibrous,6_science_sem1
dig,6_science_sem1
are,6_science_sem1
fun,6_science_sem1
juice,6_science_sem1
slipped,6_science_sem1
this,6_science_sem1
receive,6_science_sem1
roughage,6_science_sem1
ey,6_science_sem1
moving,6_science_sem1
based,6_science_sem1
composed,6_science_sem1
reflecting,6_science_sem1
modern,6_science_sem1
neither,6_science_sem1
ethanol,6_science_sem1
as,6_science_sem1
turban,6_science_sem1
liquid,6_science_sem1
figure,6_science_sem1
earth,6_science_sem1
shown,6_science_sem1
abbreviation,6_science_sem1
drinking,6_science_sem1
goat,6_science_sem1
fall,6_science_sem1
found,6_science_sem1
available,6_science_sem1
ovary,6_science_sem1
around,6_science_sem1
expansion,6_science_sem1
remove,6_science_sem1
fat,6_science_sem1
put,6_science_sem1
i,6_science_sem1
transportation,6_science_sem1
could,6_science_sem1
excess,6_science_sem1
y,6_science_sem1
problem,6_science_sem1
importance,6_science_sem1
spreading,6_science_sem1
alcohol,6_science_sem1
universe,6_science_sem1
require,6_science_sem1
transpiration,6_science_sem1
balsam,6_science_sem1
find,6_science_sem1
lining,6_science_sem1
surround,6_science_sem1
digest,6_science_sem1
ae,6_science_sem1
electric,6_science_sem1
almost,6_science_sem1
said,6_science_sem1
fluffy,6_science_sem1
tail,6_science_sem1
tiredness,6_science_sem1
scurvy,6_science_sem1
excrete,6_science_sem1
cent,6_science_sem1
spread,6_science_sem1
appear,6_science_sem1
reversed,6_science_sem1
while,6_science_sem1
feel,6_science_sem1
reason,6_science_sem1
oxygen,6_science_sem1
tap,6_science_sem1
boiling,6_science_sem1
prime,6_science_sem1
does,6_science_sem1
conservation,6_science_sem1
tendency,6_science_sem1
tumbler,6_science_sem1
story,6_science_sem1
head,6_science_sem1
taste,6_science_sem1
shelf,6_science_sem1
whorl,6_science_sem1
get,6_science_sem1
potter,6_science_sem1
meat,6_science_sem1
spinach,6_science_sem1
against,6_science_sem1
vegetable,6_science_sem1
dish,6_science_sem1
condensation,6_science_sem1
virtual,6_science_sem1
streamlined,6_science_sem1
hydroxide,6_science_sem1
shoulder,6_science_sem1
us,6_science_sem1
regulate,6_science_sem1
new,6_science_sem1
curved,6_science_sem1
structure,6_science_sem1
leg,6_science_sem1
know,6_science_sem1
without,6_science_sem1
clear,6_science_sem1
vegetarian,6_science_sem1
birth,6_science_sem1
set,6_science_sem1
working,6_science_sem1
communication,6_science_sem1
rise,6_science_sem1
eat,6_science_sem1
coming,6_science_sem1
retted,6_science_sem1
satine,6_science_sem1
between,6_science_sem1
dyeing,6_science_sem1
TRUE,6_science_sem1
heritage,6_science_sem1
concept,6_science_sem1
arthritis,6_science_sem1
biceps,6_science_sem1
together,6_science_sem1
nate,6_science_sem1
in,6_science_sem1
barley,6_science_sem1
fill,6_science_sem1
palm,6_science_sem1
zebra,6_science_sem1
nervous,6_science_sem1
cultivation,6_science_sem1
definitely,6_science_sem1
e,6_science_sem1
pom,6_science_sem1
field,6_science_sem1
thyroid,6_science_sem1
possible,6_science_sem1
type,6_science_sem1
use,6_science_sem1
constituent,6_science_sem1
length,6_science_sem1
dirty,6_science_sem1
yeast,6_science_sem1
room,6_science_sem1
made,6_science_sem1
turnip,6_science_sem1
style,6_science_sem1
wounds,6_science_sem1
separately,6_science_sem1
shin,6_science_sem1
human,6_science_sem1
completely,6_science_sem1
caries,6_science_sem1
involved,6_science_sem1
lowering,6_science_sem1
industry,6_science_sem1
sin,6_science_sem1
oral,6_science_sem1
stitching,6_science_sem1
magnification,6_science_sem1
slide,6_science_sem1
complicated,6_science_sem1
pain,6_science_sem1
breathe,6_science_sem1
maize,6_science_sem1
baby,6_science_sem1
dissolve,6_science_sem1
discovered,6_science_sem1
flexibility,6_science_sem1
heap,6_science_sem1
my,6_science_sem1
green,6_science_sem1
year,6_science_sem1
elastic,6_science_sem1
delicate,6_science_sem1
everything,6_science_sem1
except,6_science_sem1
sulphur,6_science_sem1
reflection,6_science_sem1
added,6_science_sem1
example,6_science_sem1
coat,6_science_sem1
suffering,6_science_sem1
tightly,6_science_sem1
analyse,6_science_sem1
measured,6_science_sem1
own,6_science_sem1
sides,6_science_sem1
likely,6_science_sem1
chapter,6_science_sem1
grey,6_science_sem1
objective,6_science_sem1
under,6_science_sem1
glow,6_science_sem1
return,6_science_sem1
stomach,6_science_sem1
glass,6_science_sem1
stir,6_science_sem1
grinding,6_science_sem1
diet,6_science_sem1
sprout,6_science_sem1
main,6_science_sem1
diagram,6_science_sem1
examine,6_science_sem1
milk,6_science_sem1
result,6_science_sem1
roundworm,6_science_sem1
practically,6_science_sem1
ink,6_science_sem1
february,6_science_sem1
pattern,6_science_sem1
pure,6_science_sem1
petroleum,6_science_sem1
gray,6_science_sem1
weak,6_science_sem1
er,6_science_sem1
compare,6_science_sem1
relax,6_science_sem1
density,6_science_sem1
blister,6_science_sem1
pick,6_science_sem1
amount,6_science_sem1
such,6_science_sem1
apart,6_science_sem1
hessian,6_science_sem1
map,6_science_sem1
digestion,6_science_sem1
dioxide,6_science_sem1
diameter,6_science_sem1
layer,6_science_sem1
biggest,6_science_sem1
growing,6_science_sem1
child,6_science_sem1
animal,6_science_sem1
mineral,6_science_sem1
normally,6_science_sem1
factory,6_science_sem1
basic,6_science_sem1
greek,6_science_sem1
then,6_science_sem1
cry,6_science_sem1
until,6_science_sem1
woe,6_science_sem1
neat,6_science_sem1
pump,6_science_sem1
broke,6_science_sem1
mainly,6_science_sem1
interested,6_science_sem1
traps,6_science_sem1
brain,6_science_sem1
done,6_science_sem1
since,6_science_sem1
triceps,6_science_sem1
latest,6_science_sem1
accurate,6_science_sem1
paramecium,6_science_sem1
news,6_science_sem1
eats,6_science_sem1
fine,6_science_sem1
throughout,6_science_sem1
petrol,6_science_sem1
alternate,6_science_sem1
rust,6_science_sem1
food,6_science_sem1
nutrient,6_science_sem1
patient,6_science_sem1
broad,6_science_sem1
similar,6_science_sem1
worn,6_science_sem1
container,6_science_sem1
repair,6_science_sem1
car,6_science_sem1
ie,6_science_sem1
dusty,6_science_sem1
historical,6_science_sem1
learned,6_science_sem1
prop,6_science_sem1
exhibit,6_science_sem1
among,6_science_sem1
model,6_science_sem1
semen,6_science_sem1
internal,6_science_sem1
sacking,6_science_sem1
three,6_science_sem1
see,6_science_sem1
sprinkle,6_science_sem1
and,6_science_sem1
learn,6_science_sem1
brought,6_science_sem1
someone,6_science_sem1
percentage,6_science_sem1
particle,6_science_sem1
wash,6_science_sem1
bird,6_science_sem1
noon,6_science_sem1
protective,6_science_sem1
abiotic,6_science_sem1
fit,6_science_sem1
collar,6_science_sem1
withdraw,6_science_sem1
waterproof,6_science_sem1
filings,6_science_sem1
sound,6_science_sem1
compensate,6_science_sem1
arabian,6_science_sem1
fan,6_science_sem1
lobster,6_science_sem1
difference,6_science_sem1
silt,6_science_sem1
present,6_science_sem1
feature,6_science_sem1
level,6_science_sem1
world,6_science_sem1
cultivated,6_science_sem1
melting,6_science_sem1
otherwise,6_science_sem1
consider,6_science_sem1
specific,6_science_sem1
six,6_science_sem1
maternal,6_science_sem1
middle,6_science_sem1
contact,6_science_sem1
felt,6_science_sem1
understand,6_science_sem1
catching,6_science_sem1
must,6_science_sem1
about,6_science_sem1
gee,6_science_sem1
spoon,6_science_sem1
backward,6_science_sem1
fourth,6_science_sem1
experiment,6_science_sem1
gooseberry,6_science_sem1
innumerable,6_science_sem1
standard,6_science_sem1
wheel,6_science_sem1
quick,6_science_sem1
uppermost,6_science_sem1
analytical,6_science_sem1
cine,6_science_sem1
go,6_science_sem1
single,6_science_sem1
volume,6_science_sem1
organ,6_science_sem1
too,6_science_sem1
fleshy,6_science_sem1
blue,6_science_sem1
agree,6_science_sem1
fur,6_science_sem1
source,6_science_sem1
carrot,6_science_sem1
deposition,6_science_sem1
decay,6_science_sem1
be,6_science_sem1
attach,6_science_sem1
spindle,6_science_sem1
else,6_science_sem1
section,6_science_sem1
bacteria,6_science_sem1
essential,6_science_sem1
orange,6_science_sem1
fleece,6_science_sem1
select,6_science_sem1
brightly,6_science_sem1
seal,6_science_sem1
differently,6_science_sem1
arms,6_science_sem1
thinner,6_science_sem1
when,6_science_sem1
central,6_science_sem1
once,6_science_sem1
chain,6_science_sem1
occur,6_science_sem1
listed,6_science_sem1
slight,6_science_sem1
folding,6_science_sem1
engine,6_science_sem1
cow,6_science_sem1
yellow,6_science_sem1
mental,6_science_sem1
even,6_science_sem1
anther,6_science_sem1
circular,6_science_sem1
contents,6_science_sem1
pushing,6_science_sem1
constantly,6_science_sem1
pollen,6_science_sem1
storage,6_science_sem1
consumption,6_science_sem1
annual,6_science_sem1
being,6_science_sem1
itself,6_science_sem1
round,6_science_sem1
quantity,6_science_sem1
humid,6_science_sem1
plastic,6_science_sem1
end,6_science_sem1
science,6_science_sem1
getting,6_science_sem1
missing,6_science_sem1
sheep,6_science_sem1
of,6_science_sem1
plastics,6_science_sem1
advised,6_science_sem1
insect,6_science_sem1
shock,6_science_sem1
slightly,6_science_sem1
sure,6_science_sem1
holy,6_science_sem1
wavelike,6_science_sem1
silkworm,6_science_sem1
identify,6_science_sem1
cupboard,6_science_sem1
stimuli,6_science_sem1
local,6_science_sem1
pour,6_science_sem1
function,6_science_sem1
settling,6_science_sem1
we,6_science_sem1
condition,6_science_sem1
hail,6_science_sem1
due,6_science_sem1
because,6_science_sem1
grind,6_science_sem1
dissolution,6_science_sem1
observation,6_science_sem1
similarly,6_science_sem1
g,6_science_sem1
spine,6_science_sem1
fused,6_science_sem1
yourself,6_science_sem1
attract,6_science_sem1
do,6_science_sem1
overnight,6_science_sem1
inability,6_science_sem1
people,6_science_sem1
root,6_science_sem1
accidentally,6_science_sem1
te,6_science_sem1
crude,6_science_sem1
kept,6_science_sem1
designed,6_science_sem1
sieve,6_science_sem1
hasten,6_science_sem1
botany,6_science_sem1
machine,6_science_sem1
dent,6_science_sem1
safe,6_science_sem1
maintenance,6_science_sem1
stone,6_science_sem1
durability,6_science_sem1
enrichment,6_science_sem1
honeybee,6_science_sem1
immiscible,6_science_sem1
improving,6_science_sem1
fed,6_science_sem1
grass,6_science_sem1
lot,6_science_sem1
up,6_science_sem1
fitting,6_science_sem1
blood,6_science_sem1
out,6_science_sem1
compound,6_science_sem1
tribute,6_science_sem1
wood,6_science_sem1
place,6_science_sem1
shiny,6_science_sem1
going,6_science_sem1
chance,6_science_sem1
duck,6_science_sem1
vein,6_science_sem1
so,6_science_sem1
decrease,6_science_sem1
oe,6_science_sem1
small,6_science_sem1
entire,6_science_sem1
condense,6_science_sem1
air,6_science_sem1
let,6_science_sem1
related,6_science_sem1
belong,6_science_sem1
hair,6_science_sem1
connected,6_science_sem1
two,6_science_sem1
ginger,6_science_sem1
atom,6_science_sem1
element,6_science_sem1
number,6_science_sem1
quickly,6_science_sem1
iodine,6_science_sem1
solid,6_science_sem1
cup,6_science_sem1
iron,6_science_sem1
scavenger,6_science_sem1
secretion,6_science_sem1
water,6_science_sem1
active,6_science_sem1
reversible,6_science_sem1
fold,6_science_sem1
hard,6_science_sem1
twice,6_science_sem1
protecting,6_science_sem1
another,6_science_sem1
tea,6_science_sem1
omnivorous,6_science_sem1
balance,6_science_sem1
smoothly,6_science_sem1
awa,6_science_sem1
knife,6_science_sem1
float,6_science_sem1
melt,6_science_sem1
alee,6_science_sem1
shaped,6_science_sem1
bae,6_science_sem1
lamina,6_science_sem1
classes,6_science_sem1
works,6_science_sem1
suck,6_science_sem1
sage,6_science_sem1
crush,6_science_sem1
acts,6_science_sem1
plan,6_science_sem1
from,6_science_sem1
research,6_science_sem1
weathering,6_science_sem1
photochemical,6_science_sem1
cream,6_science_sem1
first,6_science_sem1
thread,6_science_sem1
law,6_science_sem1
james,6_science_sem1
increase,6_science_sem1
anything,6_science_sem1
physical,6_science_sem1
mechanical,6_science_sem1
like,6_science_sem1
hot,6_science_sem1
differ,6_science_sem1
react,6_science_sem1
burner,6_science_sem1
pay,6_science_sem1
indestructible,6_science_sem1
balanced,6_science_sem1
any,6_science_sem1
sting,6_science_sem1
rigid,6_science_sem1
flap,6_science_sem1
puppy,6_science_sem1
retarded,6_science_sem1
tropical,6_science_sem1
mean,6_science_sem1
deficiency,6_science_sem1
tear,6_science_sem1
carry,6_science_sem1
ground,6_science_sem1
regain,6_science_sem1
artificial,6_science_sem1
been,6_science_sem1
extensive,6_science_sem1
tortoise,6_science_sem1
down,6_science_sem1
survive,6_science_sem1
warmer,6_science_sem1
their,6_science_sem1
spinning,6_science_sem1
bread,6_science_sem1
wear,6_science_sem1
inside,6_science_sem1
play,6_science_sem1
o,6_science_sem1
poster,6_science_sem1
eerie,6_science_sem1
join,6_science_sem1
flesh,6_science_sem1
network,6_science_sem1
snake,6_science_sem1
hobby,6_science_sem1
ghee,6_science_sem1
fin,6_science_sem1
minimize,6_science_sem1
back,6_science_sem1
stay,6_science_sem1
fertile,6_science_sem1
separate,6_science_sem1
enamel,6_science_sem1
dimension,6_science_sem1
habit,6_science_sem1
reaction,6_science_sem1
taken,6_science_sem1
rose,6_science_sem1
no,6_science_sem1
pet,6_science_sem1
how,6_science_sem1
reduced,6_science_sem1
classified,6_science_sem1
useful,6_science_sem1
tour,6_science_sem1
writing,6_science_sem1
backing,6_science_sem1
shorter,6_science_sem1
possibly,6_science_sem1
wrap,6_science_sem1
respective,6_science_sem1
column,6_science_sem1
look,6_science_sem1
smell,6_science_sem1
collected,6_science_sem1
bowel,6_science_sem1
broken,6_science_sem1
attendance,6_science_sem1
discuss,6_science_sem1
petiole,6_science_sem1
actually,6_science_sem1
soaking,6_science_sem1
application,6_science_sem1
yarn,6_science_sem1
ancient,6_science_sem1
freezing,6_science_sem1
crystal,6_science_sem1
oil,6_science_sem1
for,6_science_sem1
link,6_science_sem1
speed,6_science_sem1
showing,6_science_sem1
few,6_science_sem1
apply,6_science_sem1
hi,6_science_sem1
bring,6_science_sem1
store,6_science_sem1
health,6_science_sem1
slow,6_science_sem1
production,6_science_sem1
disease,6_science_sem1
away,6_science_sem1
torch,6_science_sem1
front,6_science_sem1
where,6_science_sem1
eaten,6_science_sem1
respirator,6_science_sem1
test,6_science_sem1
waste,6_science_sem1
yea,6_science_sem1
during,6_science_sem1
cheese,6_science_sem1
matter,6_science_sem1
instead,6_science_sem1
supply,6_science_sem1
grain,6_science_sem1
better,6_science_sem1
wit,6_science_sem1
gold,6_science_sem1
leaf,6_science_sem1
considerable,6_science_sem1
upside,6_science_sem1
allow,6_science_sem1
bougainvillea,6_science_sem1
off,6_science_sem1
pipe,6_science_sem1
catch,6_science_sem1
absorbed,6_science_sem1
tar,6_science_sem1
rootedness,6_science_sem1
chart,6_science_sem1
curd,6_science_sem1
say,6_science_sem1
pass,6_science_sem1
stamen,6_science_sem1
ugly,6_science_sem1
coin,6_science_sem1
eye,6_science_sem1
mouth,6_science_sem1
venation,6_science_sem1
miscibility,6_science_sem1
permanent,6_science_sem1
behind,6_science_sem1
sunlight,6_science_sem1
some,6_science_sem1
swell,6_science_sem1
determined,6_science_sem1
however,6_science_sem1
melted,6_science_sem1
recognize,6_science_sem1
fish,6_science_sem1
prevent,6_science_sem1
those,6_science_sem1
oven,6_science_sem1
touch,6_science_sem1
wind,6_science_sem1
longer,6_science_sem1
wheat,6_science_sem1
knee,6_science_sem1
yo,6_science_sem1
smooth,6_science_sem1
formation,6_science_sem1
cycle,6_science_sem1
domestic,6_science_sem1
breath,6_science_sem1
slows,6_science_sem1
black,6_science_sem1
endoskeleton,6_science_sem1
properly,6_science_sem1
mark,6_science_sem1
collection,6_science_sem1
suppose,6_science_sem1
dependent,6_science_sem1
wall,6_science_sem1
reproductive,6_science_sem1
clothing,6_science_sem1
oiled,6_science_sem1
shape,6_science_sem1
come,6_science_sem1
often,6_science_sem1
comfortable,6_science_sem1
friend,6_science_sem1
initial,6_science_sem1
different,6_science_sem1
vertebra,6_science_sem1
wrapping,6_science_sem1
derived,6_science_sem1
content,6_science_sem1
burst,6_science_sem1
slowly,6_science_sem1
direction,6_science_sem1
seen,6_science_sem1
determine,6_science_sem1
become,6_science_sem1
microscope,6_science_sem1
there,6_science_sem1
forward,6_science_sem1
anyone,6_science_sem1
polyester,6_science_sem1
molecular,6_science_sem1
sweet,6_science_sem1
chicken,6_science_sem1
cutting,6_science_sem1
fracture,6_science_sem1
transparent,6_science_sem1
obese,6_science_sem1
table,6_science_sem1
orchid,6_science_sem1
thus,6_science_sem1
strip,6_science_sem1
indoor,6_science_sem1
literacy,6_science_sem1
readily,6_science_sem1
grow,6_science_sem1
distilled,6_science_sem1
picture,6_science_sem1
penis,6_science_sem1
september,6_science_sem1
gland,6_science_sem1
class,6_science_sem1
external,6_science_sem1
unable,6_science_sem1
effect,6_science_sem1
soak,6_science_sem1
eraser,6_science_sem1
fallen,6_science_sem1
behaviour,6_science_sem1
hamstring,6_science_sem1
faster,6_science_sem1
dust,6_science_sem1
many,6_science_sem1
tearing,6_science_sem1
distant,6_science_sem1
body,6_science_sem1
quite,6_science_sem1
led,6_science_sem1
contain,6_science_sem1
moisture,6_science_sem1
directly,6_science_sem1
scheme,6_science_sem1
inserted,6_science_sem1
bony,6_science_sem1
work,6_science_sem1
perpendicular,6_science_sem1
soph,6_science_sem1
ash,6_science_sem1
simple,6_science_sem1
resistant,6_science_sem1
membrane,6_science_sem1
vast,6_science_sem1
rounded,6_science_sem1
task,6_science_sem1
irreversible,6_science_sem1
digestive,6_science_sem1
can,6_science_sem1
tasty,6_science_sem1
potatoes,6_science_sem1
gathering,6_science_sem1
separates,6_science_sem1
nail,6_science_sem1
stalk,6_science_sem1
porous,6_science_sem1
venus,6_science_sem1
want,6_science_sem1
various,6_science_sem1
confined,6_science_sem1
wick,6_science_sem1
according,6_science_sem1
one,6_science_sem1
molten,6_science_sem1
trade,6_science_sem1
yas,6_science_sem1
ata,6_science_sem1
ultraviolet,6_science_sem1
cooking,6_science_sem1
healthy,6_science_sem1
illustrate,6_science_sem1
mention,6_science_sem1
links,6_science_sem1
vertebral,6_science_sem1
tendril,6_science_sem1
advisable,6_science_sem1
weather,6_science_sem1
mid,6_science_sem1
closed,6_science_sem1
collectively,6_science_sem1
difficult,6_science_sem1
canopy,6_science_sem1
tract,6_science_sem1
jones,6_science_sem1
bind,6_science_sem1
urine,6_science_sem1
lost,6_science_sem1
device,6_science_sem1
founder,6_science_sem1
skill,6_science_sem1
broccoli,6_science_sem1
harm,6_science_sem1
drawing,6_science_sem1
composition,6_science_sem1
wet,6_science_sem1
vertically,6_science_sem1
kill,6_science_sem1
straighten,6_science_sem1
every,6_science_sem1
object,6_science_sem1
flow,6_science_sem1
experimentally,6_science_sem1
molecule,6_science_sem1
by,6_science_sem1
soil,6_science_sem1
library,6_science_sem1
individual,6_science_sem1
though,6_science_sem1
who,6_science_sem1
shastri,6_science_sem1
came,6_science_sem1
jute,6_science_sem1
kind,6_science_sem1
removing,6_science_sem1
its,6_science_sem1
additional,6_science_sem1
magnet,6_science_sem1
kilogram,6_science_sem1
neck,6_science_sem1
dog,6_science_sem1
thought,6_science_sem1
lose,6_science_sem1
continuously,6_science_sem1
uniformly,6_science_sem1
capsicum,6_science_sem1
capture,6_science_sem1
older,6_science_sem1
tweezers,6_science_sem1
wild,6_science_sem1
fibula,6_science_sem1
rotting,6_science_sem1
rest,6_science_sem1
jug,6_science_sem1
ole,6_science_sem1
sheer,6_science_sem1
adjustment,6_science_sem1
plenty,6_science_sem1
raise,6_science_sem1
her,6_science_sem1
nearest,6_science_sem1
certainly,6_science_sem1
s,6_science_sem1
presence,6_science_sem1
smote,6_science_sem1
throwing,6_science_sem1
thigh,6_science_sem1
slip,6_science_sem1
across,6_science_sem1
chine,6_science_sem1
demonstrate,6_science_sem1
coconut,6_science_sem1
transparency,6_science_sem1
discovery,6_science_sem1
concentrated,6_science_sem1
learnt,6_science_sem1
opaque,6_science_sem1
wearing,6_science_sem1
miscible,6_science_sem1
take,6_science_sem1
am,6_science_sem1
candle,6_science_sem1
forming,6_science_sem1
beyond,6_science_sem1
short,6_science_sem1
run,6_science_sem1
attraction,6_science_sem1
grown,6_science_sem1
specialized,6_science_sem1
lion,6_science_sem1
jaggery,6_science_sem1
loose,6_science_sem1
mustard,6_science_sem1
breathing,6_science_sem1
fee,6_science_sem1
boiled,6_science_sem1
solidification,6_science_sem1
independence,6_science_sem1
thinking,6_science_sem1
traditional,6_science_sem1
reach,6_science_sem1
scientific,6_science_sem1
should,6_science_sem1
describe,6_science_sem1
building,6_science_sem1
starting,6_science_sem1
decided,6_science_sem1
cover,6_science_sem1
son,6_science_sem1
tangy,6_science_sem1
worked,6_science_sem1
speeding,6_science_sem1
soda,6_science_sem1
twisted,6_science_sem1
feeding,6_science_sem1
absorbing,6_science_sem1
trapped,6_science_sem1
ever,6_science_sem1
jeans,6_science_sem1
phenomena,6_science_sem1
overweight,6_science_sem1
convenient,6_science_sem1
tired,6_science_sem1
onion,6_science_sem1
laboratory,6_science_sem1
position,6_science_sem1
note,6_science_sem1
bitten,6_science_sem1
louis,6_science_sem1
presentation,6_science_sem1
he,6_science_sem1
lateral,6_science_sem1
extracted,6_science_sem1
coast,6_science_sem1
cone,6_science_sem1
resin,6_science_sem1
known,6_science_sem1
thin,6_science_sem1
proved,6_science_sem1
fly,6_science_sem1
word,6_science_sem1
afford,6_science_sem1
sun,6_science_sem1
need,6_science_sem1
limited,6_science_sem1
wooden,6_science_sem1
sai,6_science_sem1
scratch,6_science_sem1
site,6_science_sem1
clayey,6_science_sem1
five,6_science_sem1
possess,6_science_sem1
ankle,6_science_sem1
april,6_science_sem1
botanical,6_science_sem1
bigger,6_science_sem1
why,6_science_sem1
easiest,6_science_sem1
m,6_science_sem1
near,6_science_sem1
only,6_science_sem1
incidence,6_science_sem1
microscopic,6_science_sem1
mirror,6_science_sem1
face,6_science_sem1
coating,6_science_sem1
rotation,6_science_sem1
medium,6_science_sem1
photosynthesis,6_science_sem1
cooling,6_science_sem1
colloid,6_science_sem1
flowering,6_science_sem1
read,6_science_sem1
information,6_science_sem1
nature,6_science_sem1
spirit,6_science_sem1
somebody,6_science_sem1
twist,6_science_sem1
minute,6_science_sem1
diseased,6_science_sem1
major,6_science_sem1
development,6_science_sem1
residue,6_science_sem1
generally,6_science_sem1
colour,6_science_sem1
revolution,6_science_sem1
enter,6_science_sem1
beating,6_science_sem1
never,6_science_sem1
poe,6_science_sem1
job,6_science_sem1
tie,6_science_sem1
spinal,6_science_sem1
reading,6_science_sem1
unicellular,6_science_sem1
pot,6_science_sem1
indian,6_science_sem1
respire,6_science_sem1
reuse,6_science_sem1
normal,6_science_sem1
goo,6_science_sem1
produce,6_science_sem1
basis,6_science_sem1
oak,6_science_sem1
inner,6_science_sem1
band,6_science_sem1
drain,6_science_sem1
after,6_science_sem1
definite,6_science_sem1
time,6_science_sem1
removal,6_science_sem1
temperature,6_science_sem1
tip,6_science_sem1
supporting,6_science_sem1
dissect,6_science_sem1
kick,6_science_sem1
knitted,6_science_sem1
mixed,6_science_sem1
millet,6_science_sem1
ago,6_science_sem1
reference,6_science_sem1
constipation,6_science_sem1
rear,6_science_sem1
solute,6_science_sem1
sustaining,6_science_sem1
therefore,6_science_sem1
history,6_science_sem1
heating,6_science_sem1
help,6_science_sem1
large,6_science_sem1
clearly,6_science_sem1
undergoing,6_science_sem1
squeezing,6_science_sem1
excessive,6_science_sem1
combine,6_science_sem1
preparation,6_science_sem1
clothes,6_science_sem1
conductor,6_science_sem1
learning,6_science_sem1
into,6_science_sem1
rough,6_science_sem1
area,6_science_sem1
love,6_science_sem1
commonly,6_science_sem1
flytrap,6_science_sem1
none,6_science_sem1
converting,6_science_sem1
least,6_science_sem1
days,6_science_sem1
sowing,6_science_sem1
compressed,6_science_sem1
great,6_science_sem1
tilting,6_science_sem1
through,6_science_sem1
frosted,6_science_sem1
neem,6_science_sem1
walk,6_science_sem1
knowledge,6_science_sem1
addition,6_science_sem1
glue,6_science_sem1
italian,6_science_sem1
again,6_science_sem1
elephant,6_science_sem1
cold,6_science_sem1
english,6_science_sem1
blistering,6_science_sem1
unwanted,6_science_sem1
tee,6_science_sem1
included,6_science_sem1
throw,6_science_sem1
live,6_science_sem1
interesting,6_science_sem1
clean,6_science_sem1
undergo,6_science_sem1
absorber,6_science_sem1
burn,6_science_sem1
transported,6_science_sem1
till,6_science_sem1
testing,6_science_sem1
circle,6_science_sem1
translucent,6_science_sem1
alive,6_science_sem1
lay,6_science_sem1
release,6_science_sem1
earthworm,6_science_sem1
malnutrition,6_science_sem1
peel,6_science_sem1
same,6_science_sem1
survival,6_science_sem1
naked,6_science_sem1
weakness,6_science_sem1
ran,6_science_sem1
rama,6_science_sem1
cause,6_science_sem1
converted,6_science_sem1
cut,6_science_sem1
german,6_science_sem1
consist,6_science_sem1
pond,6_science_sem1
pedicel,6_science_sem1
doing,6_science_sem1
passing,6_science_sem1
hold,6_science_sem1
solve,6_science_sem1
grasshopper,6_science_sem1
also,6_science_sem1
dogs,6_science_sem1
had,6_science_sem1
carefully,6_science_sem1
mulberry,6_science_sem1
woman,6_science_sem1
motion,6_science_sem1
visible,6_science_sem1
clay,6_science_sem1
sentence,6_science_sem1
far,6_science_sem1
pierce,6_science_sem1
egg,6_science_sem1
z,6_science_sem1
depending,6_science_sem1
window,6_science_sem1
close,6_science_sem1
each,6_science_sem1
cook,6_science_sem1
settle,6_science_sem1
protect,6_science_sem1
exactly,6_science_sem1
beaker,6_science_sem1
disturb,6_science_sem1
coil,6_science_sem1
drink,6_science_sem1
omer,6_science_sem1
dried,6_science_sem1
wrinkle,6_science_sem1
sarong,6_science_sem1
over,6_science_sem1
walking,6_science_sem1
alans,6_science_sem1
needles,6_science_sem1
last,6_science_sem1
femur,6_science_sem1
letter,6_science_sem1
alternately,6_science_sem1
hence,6_science_sem1
shoot,6_science_sem1
squirrel,6_science_sem1
suggest,6_science_sem1
distillation,6_science_sem1
form,6_science_sem1
prey,6_science_sem1
cactus,6_science_sem1
lighter,6_science_sem1
tough,6_science_sem1
web,6_science_sem1
sinking,6_science_sem1
glide,6_science_sem1
alluvial,6_science_sem1
estimation,6_science_sem1
chiefly,6_science_sem1
skin,6_science_sem1
side,6_science_sem1
within,6_science_sem1
was,6_science_sem1
filled,6_science_sem1
rub,6_science_sem1
reverse,6_science_sem1
shine,6_science_sem1
starchy,6_science_sem1
teaspoon,6_science_sem1
goes,6_science_sem1
anaemia,6_science_sem1
begin,6_science_sem1
button,6_science_sem1
branching,6_science_sem1
evenly,6_science_sem1
would,6_science_sem1
recall,6_science_sem1
shell,6_science_sem1
chemist,6_science_sem1
francis,6_science_sem1
define,6_science_sem1
washed,6_science_sem1
sawdust,6_science_sem1
weald,6_science_sem1
brown,6_science_sem1
kerosene,6_science_sem1
peculiar,6_science_sem1
tree,6_science_sem1
responsible,6_science_sem1
denim,6_science_sem1
combing,6_science_sem1
detail,6_science_sem1
reasonably,6_science_sem1
situated,6_science_sem1
notice,6_science_sem1
potato,6_science_sem1
cultural,6_science_sem1
choose,6_science_sem1
kapok,6_science_sem1
glance,6_science_sem1
load,6_science_sem1
it,6_science_sem1
besides,6_science_sem1
certain,6_science_sem1
cannot,6_science_sem1
organized,6_science_sem1
average,6_science_sem1
horse,6_science_sem1
glowing,6_science_sem1
irregular,6_science_sem1
nose,6_science_sem1
critical,6_science_sem1
below,6_science_sem1
prepared,6_science_sem1
nutrition,6_science_sem1
rubber,6_science_sem1
market,6_science_sem1
extreme,6_science_sem1
lemon,6_science_sem1
wasting,6_science_sem1
eminent,6_science_sem1
boil,6_science_sem1
past,6_science_sem1
kicking,6_science_sem1
pincers,6_science_sem1
hung,6_science_sem1
joint,6_science_sem1
arm,6_science_sem1
coolant,6_science_sem1
pasteur,6_science_sem1
cap,6_science_sem1
lived,6_science_sem1
search,6_science_sem1
male,6_science_sem1
term,6_science_sem1
running,6_science_sem1
silver,6_science_sem1
series,6_science_sem1
loosely,6_science_sem1
government,6_science_sem1
develop,6_science_sem1
repeat,6_science_sem1
liver,6_science_sem1
excretion,6_science_sem1
bell,6_science_sem1
british,6_science_sem1
start,6_science_sem1
stuffing,6_science_sem1
lab,6_science_sem1
coriander,6_science_sem1
harmful,6_science_sem1
saw,6_science_sem1
basil,6_science_sem1
texture,6_science_sem1
primary,6_science_sem1
undertook,6_science_sem1
bathroom,6_science_sem1
humerus,6_science_sem1
date,6_science_sem1
arise,6_science_sem1
extinguished,6_science_sem1
total,6_science_sem1
crop,6_science_sem1
exposed,6_science_sem1
product,6_science_sem1
delta,6_science_sem1
rope,6_science_sem1
him,6_science_sem1
narrow,6_science_sem1
were,6_science_sem1
wrist,6_science_sem1
stop,6_science_sem1
sent,6_science_sem1
potted,6_science_sem1
partially,6_science_sem1
provided,6_science_sem1
night,6_science_sem1
exist,6_science_sem1
requirement,6_science_sem1
providing,6_science_sem1
teacher,6_science_sem1
rapidly,6_science_sem1
grazing,6_science_sem1
big,6_science_sem1
tender,6_science_sem1
proper,6_science_sem1
something,6_science_sem1
paddle,6_science_sem1
plane,6_science_sem1
sharp,6_science_sem1
negligible,6_science_sem1
closely,6_science_sem1
leads,6_science_sem1
woo,6_science_sem1
remain,6_science_sem1
key,6_science_sem1
flame,6_science_sem1
climb,6_science_sem1
chlorophyll,6_science_sem1
pull,6_science_sem1
chestnut,6_science_sem1
replace,6_science_sem1
leeches,6_science_sem1
pomegranate,6_science_sem1
measure,6_science_sem1
mint,6_science_sem1
chew,6_science_sem1
mostly,6_science_sem1
environment,6_science_sem1
dry,6_science_sem1
seed,6_science_sem1
ways,6_science_sem1
best,6_science_sem1
mortar,6_science_sem1
osmosis,6_science_sem1
dangerous,6_science_sem1
passion,6_science_sem1
sample,6_science_sem1
snail,6_science_sem1
mouse,6_science_sem1
combined,6_science_sem1
grapevine,6_science_sem1
ten,6_science_sem1
convert,6_science_sem1
provide,6_science_sem1
exercise,6_science_sem1
apparatus,6_science_sem1
chair,6_science_sem1
imagine,6_science_sem1
flour,6_science_sem1
established,6_science_sem1
drop,6_science_sem1
sheet,6_science_sem1
hollow,6_science_sem1
j,6_science_sem1
wire,6_science_sem1
advantage,6_science_sem1
rein,6_science_sem1
ostrich,6_science_sem1
woven,6_science_sem1
finger,6_science_sem1
traditionally,6_science_sem1
watch,6_science_sem1
chromatography,6_science_sem1
withdrawing,6_science_sem1
outline,6_science_sem1
turns,6_science_sem1
setting,6_science_sem1
nor,6_science_sem1
bend,6_science_sem1
bleeding,6_science_sem1
than,6_science_sem1
swim,6_science_sem1
culture,6_science_sem1
wastage,6_science_sem1
value,6_science_sem1
underground,6_science_sem1
bulk,6_science_sem1
discussion,6_science_sem1
investigate,6_science_sem1
smoothness,6_science_sem1
rainy,6_science_sem1
gently,6_science_sem1
continue,6_science_sem1
rich,6_science_sem1
conversion,6_science_sem1
further,6_science_sem1
magnetism,6_science_sem1
always,6_science_sem1
tissue,6_science_sem1
carried,6_science_sem1
contraction,6_science_sem1
excretory,6_science_sem1
toxic,6_science_sem1
enclose,6_science_sem1
giving,6_science_sem1
curve,6_science_sem1
video,6_science_sem1
still,6_science_sem1
sue,6_science_sem1
sown,6_science_sem1
tele,6_science_sem1
striking,6_science_sem1
handle,6_science_sem1
typical,6_science_sem1
unless,6_science_sem1
phototropism,6_science_sem1
gave,6_science_sem1
divide,6_science_sem1
pointed,6_science_sem1
me,6_science_sem1
teeth,6_science_sem1
ped,6_science_sem1
citrus,6_science_sem1
raw,6_science_sem1
loss,6_science_sem1
easily,6_science_sem1
principle,6_science_sem1
emphasize,6_science_sem1
cockroach,6_science_sem1
acquired,6_science_sem1
drug,6_science_sem1
increasing,6_science_sem1
especially,6_science_sem1
cand,6_science_sem1
won,6_science_sem1
process,6_science_sem1
wax,6_science_sem1
change,6_science_sem1
heaps,6_science_sem1
etching,6_science_sem1
selling,6_science_sem1
oes,6_science_sem1
ret,6_science_sem1
protest,6_science_sem1
region,6_science_sem1
opinion,6_science_sem1
tasting,6_science_sem1
minister,6_science_sem1
article,6_science_sem1
ox,6_science_sem1
chest,6_science_sem1
intestine,6_science_sem1
divided,6_science_sem1
vagina,6_science_sem1
base,6_science_sem1
severe,6_science_sem1
spun,6_science_sem1
continuous,6_science_sem1
ponder,6_science_sem1
consume,6_science_sem1
pencil,6_science_sem1
gram,6_science_sem1
fatter,6_science_sem1
housefly,6_science_sem1
vinegar,6_science_sem1
unwound,6_science_sem1
distance,6_science_sem1
swelling,6_science_sem1
balloon,6_science_sem1
independent,6_science_sem1
en,6_science_sem1
dalton,6_science_sem1
friction,6_science_sem1
decide,6_science_sem1
weigh,6_science_sem1
represent,6_science_sem1
practice,6_science_sem1
breathed,6_science_sem1
garbage,6_science_sem1
morning,6_science_sem1
tiny,6_science_sem1
teaspoonful,6_science_sem1
transferred,6_science_sem1
old,6_science_sem1
aes,6_science_sem1
hookworm,6_science_sem1
weight,6_science_sem1
grayish,6_science_sem1
looking,6_science_sem1
breeze,6_science_sem1
enough,6_science_sem1
permanently,6_science_sem1
healing,6_science_sem1
lighting,6_science_sem1
division,6_science_sem1
fix,6_science_sem1
phosphorus,6_science_sem1
suffer,6_science_sem1
purification,6_science_sem1
king,6_science_sem1
bending,6_science_sem1
tae,6_science_sem1
fitted,6_science_sem1
deep,6_science_sem1
case,6_science_sem1
specimen,6_science_sem1
respiratory,6_science_sem1
several,6_science_sem1
apple,6_science_sem1
ora,6_science_sem1
complete,6_science_sem1
muscle,6_science_sem1
follow,6_science_sem1
hip,6_science_sem1
tabulate,6_science_sem1
vibrate,6_science_sem1
absorb,6_science_sem1
screw,6_science_sem1
removed,6_science_sem1
erratic,6_science_sem1
garden,6_science_sem1
cruelty,6_science_sem1
book,6_science_sem1
press,6_science_sem1
harder,6_science_sem1
moderate,6_science_sem1
bristlecone,6_science_sem1
unsure,6_science_sem1
football,6_science_sem1
gloriosa,6_science_sem1
madras,6_science_sem1
season,6_science_sem1
burnt,6_science_sem1
squeeze,6_science_sem1
tapeworm,6_science_sem1
lower,6_science_sem1
desirable,6_science_sem1
mosquito,6_science_sem1
original,6_science_sem1
nineteenth,6_science_sem1
straight,6_science_sem1
saturated,6_science_sem1
higher,6_science_sem1
much,6_science_sem1
greatly,6_science_sem1
century,6_science_sem1
his,6_science_sem1
outer,6_science_sem1
jagged,6_science_sem1
study,6_science_sem1
tilt,6_science_sem1
polythene,6_science_sem1
heal,6_science_sem1
hardly,6_science_sem1
living,6_science_sem1
n,6_science_sem1
mist,6_science_sem1
step,6_science_sem1
universal,6_science_sem1
australia,6_science_sem1
eagle,6_science_sem1
easy,6_science_sem1
radio,6_science_sem1
part,6_science_sem1
given,6_science_sem1
slogan,6_science_sem1
eliminate,6_science_sem1
well,6_science_sem1
expanding,6_science_sem1
sufficient,6_science_sem1
pound,6_science_sem1
attractive,6_science_sem1
tied,6_science_sem1
yesterday,6_science_sem1
swollen,6_science_sem1
important,6_science_sem1
sprinkling,6_science_sem1
pinch,6_science_sem1
calf,6_science_sem1
town,6_science_sem1
firmly,6_science_sem1
cell,6_science_sem1
clip,6_science_sem1
struggle,6_science_sem1
free,6_science_sem1
lesser,6_science_sem1
real,6_science_sem1
detergent,6_science_sem1
spongy,6_science_sem1
nearly,6_science_sem1
bottle,6_science_sem1
rheumatoid,6_science_sem1
steel,6_science_sem1
suddenly,6_science_sem1
bag,6_science_sem1
loom,6_science_sem1
wool,6_science_sem1
stripped,6_science_sem1
radish,6_science_sem1
will,6_science_sem1
following,6_science_sem1
absolutely,6_science_sem1
hit,6_science_sem1
ill,6_science_sem1
learner,6_science_sem1
engineer,6_science_sem1
half,6_science_sem1
care,6_science_sem1
sink,6_science_sem1
pine,6_science_sem1
heading,6_science_sem1
sulphate,6_science_sem1
marbles,6_science_sem1
smoke,6_science_sem1
towards,6_science_sem1
ladyfinger,6_science_sem1
centipede,6_science_sem1
family,6_science_sem1
farming,6_science_sem1
cloth,6_science_sem1
country,6_science_sem1
atmosphere,6_science_sem1
risk,6_science_sem1
damage,6_science_sem1
stretchy,6_science_sem1
primarily,6_science_sem1
already,6_science_sem1
worm,6_science_sem1
interactive,6_science_sem1
construct,6_science_sem1
naturally,6_science_sem1
leading,6_science_sem1
red,6_science_sem1
statement,6_science_sem1
special,6_science_sem1
copper,6_science_sem1
land,6_science_sem1
evaporate,6_science_sem1
john,6_science_sem1
becomes,6_science_sem1
silicone,6_science_sem1
cauliflower,6_science_sem1
geotropism,6_science_sem1
relatively,6_science_sem1
chaff,6_science_sem1
went,6_science_sem1
touching,6_science_sem1
along,6_science_sem1
hole,6_science_sem1
suspended,6_science_sem1
anchor,6_science_sem1
hydrogen,6_science_sem1
ocean,6_science_sem1
powerful,6_science_sem1
push,6_science_sem1
tall,6_science_sem1
beetle,6_science_sem1
hockey,6_science_sem1
right,6_science_sem1
brick,6_science_sem1
covered,6_science_sem1
steam,6_science_sem1
lesson,6_science_sem1
top,6_science_sem1
force,6_science_sem1
grouped,6_science_sem1
insufficient,6_science_sem1
filament,6_science_sem1
ourselves,6_science_sem1
mats,6_science_sem1
killing,6_science_sem1
equal,6_science_sem1
highlight,6_science_sem1
india,6_science_sem1
vigorously,6_science_sem1
gravity,6_science_sem1
hone,6_science_sem1
expect,6_science_sem1
rotate,6_science_sem1
sideways,6_science_sem1
cholesterol,6_science_sem1
obesity,6_science_sem1
usually,6_science_sem1
fixed,6_science_sem1
slice,6_science_sem1
covering,6_science_sem1
comes,6_science_sem1
powder,6_science_sem1
plate,6_science_sem1
former,6_science_sem1
outside,6_science_sem1
ceramic,6_science_sem1
block,6_science_sem1
tank,6_science_sem1
indivisible,6_science_sem1
person,6_science_sem1
suitable,6_science_sem1
city,6_science_sem1
unfair,6_science_sem1
guess,6_science_sem1
necessary,6_science_sem1
either,6_science_sem1
cocoon,6_science_sem1
lunch,6_science_sem1
strainer,6_science_sem1
deficient,6_science_sem1
depend,6_science_sem1
starch,6_science_sem1
disturbing,6_science_sem1
scrape,6_science_sem1
pale,6_science_sem1
dense,6_science_sem1
assam,6_science_sem1
spoilage,6_science_sem1
pen,6_science_sem1
capillary,6_science_sem1
unrusted,6_science_sem1
spinneret,6_science_sem1
popularity,6_science_sem1
hatch,6_science_sem1
message,6_science_sem1
locomotion,6_science_sem1
stainless,6_science_sem1
sticks,6_science_sem1
gauge,6_science_sem1
unsuitable,6_science_sem1
aluminium,6_science_sem1
